signal_date,signal_timestamp,symbol,candidate_identity,entry_date,entry_open,exit_date,exit_close,gross_return,signal_close,legacy_gross_return
2026-03-05,2026-03-05 09:00:00,157A,157A|2026-03-05 09:00:00,2026-03-06,1332.0,2026-03-12,1354.0,0.016516516516516422,1146.0,0.181500872600349
2026-03-05,2026-03-05 09:00:00,2338,2338|2026-03-05 09:00:00,2026-03-06,152.0,2026-03-12,159.0,0.046052631578947345,127.0,0.2519685039370078
2026-03-05,2026-03-05 13:00:00,2884,2884|2026-03-05 13:00:00,2026-03-06,996.0,2026-03-12,963.0,-0.033132530120481896,1002.0,-0.0389221556886227
2026-03-05,2026-03-05 13:00:00,4881,4881|2026-03-05 13:00:00,2026-03-06,118.0,2026-03-12,100.0,-0.15254237288135597,112.0,-0.1071428571428571
2026-03-05,2026-03-05 09:00:00,6666,6666|2026-03-05 09:00:00,2026-03-06,648.0,2026-03-12,892.0,0.3765432098765431,643.0,0.3872472783825815
2026-03-05,2026-03-05 13:00:00,7908,7908|2026-03-05 13:00:00,2026-03-06,290.0,2026-03-12,279.0,-0.037931034482758585,291.0,-0.0412371134020618
2026-03-06,2026-03-06 09:00:00,7719,7719|2026-03-06 09:00:00,2026-03-09,715.0,2026-03-13,772.0,0.07972027972027962,786.0,-0.0178117048346055
2026-03-09,2026-03-09 09:00:00,6085,6085|2026-03-09 09:00:00,2026-03-10,250.0,2026-03-16,468.0,0.8720000000000001,209.3,1.236024844720497
2026-03-10,2026-03-10 09:00:00,2338,2338|2026-03-10 09:00:00,2026-03-11,153.0,2026-03-17,186.0,0.21568627450980382,133.0,0.3984962406015038
2026-03-10,2026-03-10 09:00:00,3840,3840|2026-03-10 09:00:00,2026-03-11,85.0,2026-03-17,80.0,-0.05882352941176472,78.0,0.0256410256410255
2026-03-13,2026-03-13 13:00:00,2321,2321|2026-03-13 13:00:00,2026-03-16,402.0,2026-03-23,237.0,-0.4104477611940298,417.0,-0.4316546762589928
2026-03-16,2026-03-16 09:00:00,4422,4422|2026-03-16 09:00:00,2026-03-17,463.0,2026-03-24,522.0,0.12742980561555073,488.0,0.069672131147541
2026-03-17,2026-03-17 09:00:00,9399,9399|2026-03-17 09:00:00,2026-03-18,32.0,2026-03-25,31.0,-0.03125,30.0,0.0333333333333334
2026-03-24,2026-03-24 09:00:00,4594,4594|2026-03-24 09:00:00,2026-03-25,93.0,2026-03-31,69.0,-0.25806451612903225,77.0,-0.1038961038961039
2026-03-31,2026-03-31 13:00:00,4427,4427|2026-03-31 13:00:00,2026-04-01,256.0,2026-04-07,222.0,-0.1328125,274.0,-0.1897810218978102
2026-04-01,2026-04-01 13:00:00,8346,8346|2026-04-01 13:00:00,2026-04-02,711.0,2026-04-08,710.0,-0.0014064697609000865,689.0,0.0304789550072568
2026-04-01,2026-04-01 13:00:00,8714,8714|2026-04-01 13:00:00,2026-04-02,945.0,2026-04-08,975.0,0.031746031746031855,921.0,0.0586319218241042
2026-04-03,2026-04-03 09:00:00,4422,4422|2026-04-03 09:00:00,2026-04-06,641.0,2026-04-10,900.0,0.40405616224648977,539.0,0.6697588126159555
2026-04-06,2026-04-06 09:00:00,5341,5341|2026-04-06 09:00:00,2026-04-07,254.0,2026-04-13,297.0,0.1692913385826771,286.0,0.0384615384615385
2026-04-08,2026-04-08 13:00:00,547A,547A|2026-04-08 13:00:00,2026-04-09,440.0,2026-04-15,428.0,-0.027272727272727226,443.0,-0.0338600451467269
2026-04-14,2026-04-14 13:00:00,6740,6740|2026-04-14 13:00:00,2026-04-15,97.0,2026-04-21,116.0,0.19587628865979378,91.0,0.2747252747252746
2026-04-21,2026-04-21 09:00:00,4651,4651|2026-04-21 09:00:00,2026-04-22,281.0,2026-04-28,240.0,-0.14590747330960852,282.0,-0.1489361702127659
2026-04-27,2026-04-27 09:00:00,9425,9425|2026-04-27 09:00:00,2026-04-28,277.0,2026-05-08,433.0,0.5631768953068592,292.0,0.4828767123287671
2026-05-01,2026-05-01 09:00:00,7162,7162|2026-05-01 09:00:00,2026-05-07,378.0,2026-05-13,379.0,0.002645502645502562,298.0,0.2718120805369128
2026-05-08,2026-05-08 09:00:00,3996,3996|2026-05-08 09:00:00,2026-05-11,233.0,2026-05-15,209.0,-0.10300429184549353,231.0,-0.0952380952380952
2026-05-12,2026-05-12 13:00:00,3726,3726|2026-05-12 13:00:00,2026-05-13,475.0,2026-05-19,403.0,-0.15157894736842104,445.0,-0.09438202247191
2026-05-13,2026-05-13 09:00:00,4259,4259|2026-05-13 09:00:00,2026-05-14,931.0,2026-05-20,1090.0,0.1707841031149302,889.0,0.2260967379077616
2026-05-14,2026-05-14 09:00:00,2901,2901|2026-05-14 09:00:00,2026-05-15,202.0,2026-05-21,196.0,-0.02970297029702973,212.0,-0.0754716981132075
2026-05-18,2026-05-18 09:00:00,6840,6840|2026-05-18 09:00:00,2026-05-19,869.0,2026-05-25,1405.0,0.6168009205983889,888.0,0.5822072072072073
2026-05-18,2026-05-18 09:00:00,7082,7082|2026-05-18 09:00:00,2026-05-19,1330.0,2026-05-25,1416.0,0.06466165413533842,1030.0,0.3747572815533981
2026-05-21,2026-05-21 09:00:00,6840,6840|2026-05-21 09:00:00,2026-05-22,1105.0,2026-05-28,1138.0,0.029864253393665052,916.0,0.24235807860262
2026-05-22,2026-05-22 09:00:00,3133,3133|2026-05-22 09:00:00,2026-05-25,218.0,2026-05-29,159.0,-0.27064220183486243,218.0,-0.2706422018348624
2026-05-22,2026-05-22 09:00:00,6659,6659|2026-05-22 09:00:00,2026-05-25,79.0,2026-05-29,78.0,-0.012658227848101222,70.0,0.1142857142857143
2026-05-28,2026-05-28 13:00:00,8105,8105|2026-05-28 13:00:00,2026-05-29,201.0,2026-06-04,276.0,0.3731343283582089,151.0,0.8278145695364238
2026-06-01,2026-06-01 09:00:00,8783,8783|2026-06-01 09:00:00,2026-06-02,115.0,2026-06-08,103.0,-0.10434782608695647,149.0,-0.3087248322147651
2026-06-03,2026-06-03 09:00:00,5031,5031|2026-06-03 09:00:00,2026-06-04,521.0,2026-06-10,469.0,-0.09980806142034548,547.0,-0.1425959780621571
2026-06-11,2026-06-11 09:00:00,4179,4179|2026-06-11 09:00:00,2026-06-12,500.0,2026-06-18,560.0,0.1200000000000001,420.0,0.3333333333333332
2026-06-12,2026-06-12 09:00:00,6228,6228|2026-06-12 09:00:00,2026-06-15,790.0,2026-06-19,562.0,-0.28860759493670884,783.0,-0.2822477650063857
2026-06-15,2026-06-15 13:00:00,9237,9237|2026-06-15 13:00:00,2026-06-16,712.0,2026-06-22,798.0,0.1207865168539326,612.0,0.303921568627451
2026-06-16,2026-06-16 09:00:00,6634,6634|2026-06-16 09:00:00,2026-06-17,66.0,2026-06-23,79.0,0.19696969696969702,74.0,0.0675675675675675
2026-06-17,2026-06-17 09:00:00,198A,198A|2026-06-17 09:00:00,2026-06-18,146.0,2026-06-24,136.0,-0.06849315068493156,173.0,-0.2138728323699421
2026-06-17,2026-06-17 13:00:00,6740,6740|2026-06-17 13:00:00,2026-06-18,51.0,2026-06-24,60.0,0.17647058823529416,51.0,0.1764705882352941
2026-06-23,2026-06-23 09:00:00,9444,9444|2026-06-23 09:00:00,2026-06-24,248.0,2026-06-30,230.0,-0.07258064516129037,258.0,-0.1085271317829457
2026-06-24,2026-06-24 13:00:00,6740,6740|2026-06-24 13:00:00,2026-06-25,75.0,2026-07-01,54.0,-0.28,60.0,-0.0999999999999999
2026-06-29,2026-06-29 13:00:00,3989,3989|2026-06-29 13:00:00,2026-06-30,1325.0,2026-07-06,1420.0,0.07169811320754715,1145.0,0.2401746724890829
2026-06-29,2026-06-29 09:00:00,4935,4935|2026-06-29 09:00:00,2026-06-30,256.0,2026-07-06,335.0,0.30859375,236.0,0.4194915254237288
2026-07-02,2026-07-02 13:00:00,2492,2492|2026-07-02 13:00:00,2026-07-03,456.0,2026-07-09,497.0,0.08991228070175428,400.0,0.2424999999999999
2026-07-03,2026-07-03 13:00:00,6620,6620|2026-07-03 13:00:00,2026-07-06,841.0,2026-07-10,746.0,-0.11296076099881092,829.0,-0.1001206272617611
2026-07-08,2026-07-08 13:00:00,4265,4265|2026-07-08 13:00:00,2026-07-09,389.0,2026-07-15,360.0,-0.07455012853470433,399.0,-0.0977443609022556
2026-07-09,2026-07-09 13:00:00,9348,9348|2026-07-09 13:00:00,2026-07-10,462.0,2026-07-16,421.0,-0.08874458874458879,508.0,-0.171259842519685
2026-07-10,2026-07-10 09:00:00,7803,7803|2026-07-10 09:00:00,2026-07-13,366.0,2026-07-17,415.0,0.13387978142076506,348.0,0.1925287356321838
2026-07-21,2026-07-21 13:00:00,2345,2345|2026-07-21 13:00:00,2026-07-22,104.0,2026-07-28,93.0,-0.10576923076923073,107.0,-0.1308411214953271
2026-07-21,2026-07-21 13:00:00,4492,4492|2026-07-21 13:00:00,2026-07-22,419.0,2026-07-28,418.0,-0.0023866348448687846,419.0,-0.0023866348448687
2026-07-21,2026-07-21 13:00:00,7162,7162|2026-07-21 13:00:00,2026-07-22,276.0,2026-07-28,266.0,-0.036231884057971064,276.0,-0.036231884057971
2026-07-31,2026-07-31 09:00:00,4052,4052|2026-07-31 09:00:00,2026-08-03,422.0,2026-08-07,533.0,0.26303317535545023,342.0,0.5584795321637428
2026-08-10,2026-08-10 13:00:00,4840,4840|2026-08-10 13:00:00,2026-08-12,570.0,2026-08-18,541.0,-0.05087719298245619,570.0,-0.0508771929824561
2026-08-10,2026-08-10 13:00:00,504A,504A|2026-08-10 13:00:00,2026-08-12,562.0,2026-08-18,592.0,0.053380782918149405,572.0,0.034965034965035
2026-08-10,2026-08-10 13:00:00,6072,6072|2026-08-10 13:00:00,2026-08-12,1164.0,2026-08-18,1142.0,-0.018900343642611728,1074.0,0.0633147113594041
2026-08-20,2026-08-20 13:00:00,2998,2998|2026-08-20 13:00:00,2026-08-21,538.0,2026-08-27,558.0,0.037174721189590976,543.0,0.0276243093922652
2026-08-20,2026-08-20 13:00:00,4179,4179|2026-08-20 13:00:00,2026-08-21,360.0,2026-08-27,366.0,0.016666666666666607,359.0,0.0194986072423397
2026-08-20,2026-08-20 09:00:00,9552,9552|2026-08-20 09:00:00,2026-08-21,1091.0,2026-08-27,1085.0,-0.005499541704857891,1048.0,0.0353053435114503
2026-08-26,2026-08-26 09:00:00,7709,7709|2026-08-26 09:00:00,2026-08-27,55.0,2026-09-02,68.0,0.23636363636363633,60.0,0.1333333333333333
2026-08-28,2026-08-28 13:00:00,6907,6907|2026-08-28 13:00:00,2026-08-31,808.0,2026-09-04,786.0,-0.027227722772277252,804.0,-0.0223880597014924
