detection_id,signal_date,symbol,company_name,signal_close,signal_volume,selector_id,selector_name,model_period,status,entry_date,entry_open,fifth_xtks_exit_date,fifth_xtks_exit_close,gross_return,one_hundred_shares_pl_yen,med_ret5,med_ret1,ret10,volr20,body_pct,rank_volr20,rank_body_pct,mean_rank,tail_cdf,tail_p,source_scope,source_sha256,signal_discord_url,notified_at,fundamental_status,fundamental_discord_url,fundamental_html,created_at,updated_at,exit_reminder_discord_url,exit_reminded_at,exclusion_reason,restriction_designation_date,restriction_source_url,excluded_at,exclusion_correction_notified_at,exclusion_correction_discord_url
2026-09-14|7709|body_pct_low,2026-09-14,7709,クボテック,76.0,2405500.0,body_pct_low,Dive,2026-09,entered,2026-09-15,80.0,,,,,-0.00809248554913,0.00646087580761,0.206349206349,1.18911971526,0.0,1.0,1.0,1.0,0.999612536108,0.849327027798,FORWARD_CAUSAL,492e735b3bceb345e784d9315189a8a98a9edf90663d0a46eee04895a85acabf,https://discord.com/channels/@me/1550876104917520505/1551117101027037264,2026-09-20T15:25:35.522621+09:00,complete,https://discord.com/channels/1479418833352785944/1550876675884060702/1551177205411876886,"材料インパクト
ネガティブ材料：上場廃止後は市場売買ができず、受注残急減・債務超過・具体的な資金計画未策定が重なる。

事業概要
液晶・半導体などのフラットパネル関連を含む画像処理外観検査装置、3Dソリューションシステム、メディアネット機器を開発・製造・販売する精密機器会社です。日本では検査装置、米国ではCAD/CAMソフト等を扱い、顧客の設備投資と受注案件が売上を左右します。

足元材料
9月17日開示では、9月30日を最後に東証での取扱いを終え、10月1日の上場廃止後は証券会社での取扱いもなく、株式譲渡は当事者間の相対取引に限られます。8月7日1Qは売上高2.16億円（前年同期比65.3％減）、営業損失0.61億円、主力日本の受注残高0.63億円（同92.3％減）で、事業継続と資金確保が中心課題です。

ファンダ要点
受注残高と資金繰りが最重要です。1Qの日本受注高は0.20億円（前年同期比92.7％減）、受注残高は0.63億円（同92.3％減）、日本売上は0.65億円（同86.8％減）に落ち込み、米国CAD/CAM等も売上1.51億円と増収ながらセグメント損失0.12億円でした。総資産8.33億円に対し純資産はマイナス0.14億円で、受注回復の速度と資金調達の実行が再建の鍵です。

注意点
資金調達の目途と受注回復が未解決です。期中レビューは結論不表明で、8期連続営業損失・2期連続営業キャッシュ・フロー赤字、債務超過、具体的な資金計画未策定を根拠に証拠を得られないとしています。上場廃止後は相対取引のみとなり、株式事務も会社が直接対応するため、事業継続だけでなく非上場化後の株式手続きと資金確保の進捗が重要です。

開示リンク
[2026-09-17 上場廃止後の当社株式の取扱いに関するお知らせ(15:40)](https://www.kubotek.com/info/pdf/gyoseki/2027_03/haishigo_info20260917.pdf)
[2026-08-07 2027年3月期 第1四半期決算短信〔日本基準〕（連結）(15:40)](https://www.kubotek.com/info/pdf/gyoseki/2027_03/1Q_tanshin_202703.pdf)
[2026-08-07 2027年3月期第1四半期の四半期連結財務諸表に係る期中レビュー報告書の結論の不表明に関するお知らせ(15:40)](https://www.kubotek.com/info/pdf/gyoseki/2027_03/20260807_inforeview.pdf)

Sources
[クボテック IR情報](https://www.kubotek.com/info/ir/ir.html)
[クボテック 業績報告](https://www.kubotek.com/info/ir/gyoseki/gyoseki.html)
[IRBANK 7709 クボテック 株式情報](https://irbank.net/7709)
[クボテック 7709 適時開示一覧](https://finance.yahoo.co.jp/quote/7709.T/disclosure)",2026-09-20T14:16:11.542941+09:00,2026-09-20T19:25:50.105426+09:00,,,JPX 上場廃止決定・整理銘柄指定,2026-04-22,https://www.jpx.co.jp/listing/market-alerts/supervision/01.html,2026-09-21T00:18:58.304696+09:00,2026-09-21T00:20:36.781122+09:00,https://discord.com/channels/@me/1550876104917520505/1551117101027037264
2026-09-14|7709|dual_top1_agreement,2026-09-14,7709,クボテック,76.0,2405500.0,dual_top1_agreement,Fusion,2026-09,entered,2026-09-15,80.0,,,,,-0.00809248554913,0.00646087580761,0.206349206349,1.18911971526,0.0,1.0,1.0,1.0,0.999612536108,0.849327027798,FORWARD_CAUSAL,492e735b3bceb345e784d9315189a8a98a9edf90663d0a46eee04895a85acabf,https://discord.com/channels/@me/1550876104917520505/1551117101027037264,2026-09-20T15:25:35.522621+09:00,complete,https://discord.com/channels/1479418833352785944/1550876675884060702/1551177205411876886,"材料インパクト
ネガティブ材料：上場廃止後は市場売買ができず、受注残急減・債務超過・具体的な資金計画未策定が重なる。

事業概要
液晶・半導体などのフラットパネル関連を含む画像処理外観検査装置、3Dソリューションシステム、メディアネット機器を開発・製造・販売する精密機器会社です。日本では検査装置、米国ではCAD/CAMソフト等を扱い、顧客の設備投資と受注案件が売上を左右します。

足元材料
9月17日開示では、9月30日を最後に東証での取扱いを終え、10月1日の上場廃止後は証券会社での取扱いもなく、株式譲渡は当事者間の相対取引に限られます。8月7日1Qは売上高2.16億円（前年同期比65.3％減）、営業損失0.61億円、主力日本の受注残高0.63億円（同92.3％減）で、事業継続と資金確保が中心課題です。

ファンダ要点
受注残高と資金繰りが最重要です。1Qの日本受注高は0.20億円（前年同期比92.7％減）、受注残高は0.63億円（同92.3％減）、日本売上は0.65億円（同86.8％減）に落ち込み、米国CAD/CAM等も売上1.51億円と増収ながらセグメント損失0.12億円でした。総資産8.33億円に対し純資産はマイナス0.14億円で、受注回復の速度と資金調達の実行が再建の鍵です。

注意点
資金調達の目途と受注回復が未解決です。期中レビューは結論不表明で、8期連続営業損失・2期連続営業キャッシュ・フロー赤字、債務超過、具体的な資金計画未策定を根拠に証拠を得られないとしています。上場廃止後は相対取引のみとなり、株式事務も会社が直接対応するため、事業継続だけでなく非上場化後の株式手続きと資金確保の進捗が重要です。

開示リンク
[2026-09-17 上場廃止後の当社株式の取扱いに関するお知らせ(15:40)](https://www.kubotek.com/info/pdf/gyoseki/2027_03/haishigo_info20260917.pdf)
[2026-08-07 2027年3月期 第1四半期決算短信〔日本基準〕（連結）(15:40)](https://www.kubotek.com/info/pdf/gyoseki/2027_03/1Q_tanshin_202703.pdf)
[2026-08-07 2027年3月期第1四半期の四半期連結財務諸表に係る期中レビュー報告書の結論の不表明に関するお知らせ(15:40)](https://www.kubotek.com/info/pdf/gyoseki/2027_03/20260807_inforeview.pdf)

Sources
[クボテック IR情報](https://www.kubotek.com/info/ir/ir.html)
[クボテック 業績報告](https://www.kubotek.com/info/ir/gyoseki/gyoseki.html)
[IRBANK 7709 クボテック 株式情報](https://irbank.net/7709)
[クボテック 7709 適時開示一覧](https://finance.yahoo.co.jp/quote/7709.T/disclosure)",2026-09-20T14:16:11.542941+09:00,2026-09-20T19:25:50.105426+09:00,,,JPX 上場廃止決定・整理銘柄指定,2026-04-22,https://www.jpx.co.jp/listing/market-alerts/supervision/01.html,2026-09-21T00:18:58.304696+09:00,2026-09-21T00:20:36.781122+09:00,https://discord.com/channels/@me/1550876104917520505/1551117101027037264
2026-09-14|7709|dual_top1_agreement_g3_no_acute_selloff,2026-09-14,7709,クボテック,76.0,2405500.0,dual_top1_agreement_g3_no_acute_selloff,Balance,2026-09,entered,2026-09-15,80.0,,,,,-0.00809248554913,0.00646087580761,0.206349206349,1.18911971526,0.0,1.0,1.0,1.0,0.999612536108,0.849327027798,FORWARD_CAUSAL,492e735b3bceb345e784d9315189a8a98a9edf90663d0a46eee04895a85acabf,https://discord.com/channels/@me/1550876104917520505/1551117101027037264,2026-09-20T15:25:35.522621+09:00,complete,https://discord.com/channels/1479418833352785944/1550876675884060702/1551177205411876886,"材料インパクト
ネガティブ材料：上場廃止後は市場売買ができず、受注残急減・債務超過・具体的な資金計画未策定が重なる。

事業概要
液晶・半導体などのフラットパネル関連を含む画像処理外観検査装置、3Dソリューションシステム、メディアネット機器を開発・製造・販売する精密機器会社です。日本では検査装置、米国ではCAD/CAMソフト等を扱い、顧客の設備投資と受注案件が売上を左右します。

足元材料
9月17日開示では、9月30日を最後に東証での取扱いを終え、10月1日の上場廃止後は証券会社での取扱いもなく、株式譲渡は当事者間の相対取引に限られます。8月7日1Qは売上高2.16億円（前年同期比65.3％減）、営業損失0.61億円、主力日本の受注残高0.63億円（同92.3％減）で、事業継続と資金確保が中心課題です。

ファンダ要点
受注残高と資金繰りが最重要です。1Qの日本受注高は0.20億円（前年同期比92.7％減）、受注残高は0.63億円（同92.3％減）、日本売上は0.65億円（同86.8％減）に落ち込み、米国CAD/CAM等も売上1.51億円と増収ながらセグメント損失0.12億円でした。総資産8.33億円に対し純資産はマイナス0.14億円で、受注回復の速度と資金調達の実行が再建の鍵です。

注意点
資金調達の目途と受注回復が未解決です。期中レビューは結論不表明で、8期連続営業損失・2期連続営業キャッシュ・フロー赤字、債務超過、具体的な資金計画未策定を根拠に証拠を得られないとしています。上場廃止後は相対取引のみとなり、株式事務も会社が直接対応するため、事業継続だけでなく非上場化後の株式手続きと資金確保の進捗が重要です。

開示リンク
[2026-09-17 上場廃止後の当社株式の取扱いに関するお知らせ(15:40)](https://www.kubotek.com/info/pdf/gyoseki/2027_03/haishigo_info20260917.pdf)
[2026-08-07 2027年3月期 第1四半期決算短信〔日本基準〕（連結）(15:40)](https://www.kubotek.com/info/pdf/gyoseki/2027_03/1Q_tanshin_202703.pdf)
[2026-08-07 2027年3月期第1四半期の四半期連結財務諸表に係る期中レビュー報告書の結論の不表明に関するお知らせ(15:40)](https://www.kubotek.com/info/pdf/gyoseki/2027_03/20260807_inforeview.pdf)

Sources
[クボテック IR情報](https://www.kubotek.com/info/ir/ir.html)
[クボテック 業績報告](https://www.kubotek.com/info/ir/gyoseki/gyoseki.html)
[IRBANK 7709 クボテック 株式情報](https://irbank.net/7709)
[クボテック 7709 適時開示一覧](https://finance.yahoo.co.jp/quote/7709.T/disclosure)",2026-09-20T14:16:11.542941+09:00,2026-09-20T19:25:50.105426+09:00,,,JPX 上場廃止決定・整理銘柄指定,2026-04-22,https://www.jpx.co.jp/listing/market-alerts/supervision/01.html,2026-09-21T00:18:58.304696+09:00,2026-09-21T00:20:36.781122+09:00,https://discord.com/channels/@me/1550876104917520505/1551117101027037264
2026-09-14|7709|mean_rank_volr20_body_pct,2026-09-14,7709,クボテック,76.0,2405500.0,mean_rank_volr20_body_pct,Shadow,2026-09,entered,2026-09-15,80.0,,,,,-0.00809248554913,0.00646087580761,0.206349206349,1.18911971526,0.0,1.0,1.0,1.0,0.999612536108,0.849327027798,FORWARD_CAUSAL,492e735b3bceb345e784d9315189a8a98a9edf90663d0a46eee04895a85acabf,https://discord.com/channels/@me/1550876104917520505/1551117101027037264,2026-09-20T15:25:35.522621+09:00,complete,https://discord.com/channels/1479418833352785944/1550876675884060702/1551177205411876886,"材料インパクト
ネガティブ材料：上場廃止後は市場売買ができず、受注残急減・債務超過・具体的な資金計画未策定が重なる。

事業概要
液晶・半導体などのフラットパネル関連を含む画像処理外観検査装置、3Dソリューションシステム、メディアネット機器を開発・製造・販売する精密機器会社です。日本では検査装置、米国ではCAD/CAMソフト等を扱い、顧客の設備投資と受注案件が売上を左右します。

足元材料
9月17日開示では、9月30日を最後に東証での取扱いを終え、10月1日の上場廃止後は証券会社での取扱いもなく、株式譲渡は当事者間の相対取引に限られます。8月7日1Qは売上高2.16億円（前年同期比65.3％減）、営業損失0.61億円、主力日本の受注残高0.63億円（同92.3％減）で、事業継続と資金確保が中心課題です。

ファンダ要点
受注残高と資金繰りが最重要です。1Qの日本受注高は0.20億円（前年同期比92.7％減）、受注残高は0.63億円（同92.3％減）、日本売上は0.65億円（同86.8％減）に落ち込み、米国CAD/CAM等も売上1.51億円と増収ながらセグメント損失0.12億円でした。総資産8.33億円に対し純資産はマイナス0.14億円で、受注回復の速度と資金調達の実行が再建の鍵です。

注意点
資金調達の目途と受注回復が未解決です。期中レビューは結論不表明で、8期連続営業損失・2期連続営業キャッシュ・フロー赤字、債務超過、具体的な資金計画未策定を根拠に証拠を得られないとしています。上場廃止後は相対取引のみとなり、株式事務も会社が直接対応するため、事業継続だけでなく非上場化後の株式手続きと資金確保の進捗が重要です。

開示リンク
[2026-09-17 上場廃止後の当社株式の取扱いに関するお知らせ(15:40)](https://www.kubotek.com/info/pdf/gyoseki/2027_03/haishigo_info20260917.pdf)
[2026-08-07 2027年3月期 第1四半期決算短信〔日本基準〕（連結）(15:40)](https://www.kubotek.com/info/pdf/gyoseki/2027_03/1Q_tanshin_202703.pdf)
[2026-08-07 2027年3月期第1四半期の四半期連結財務諸表に係る期中レビュー報告書の結論の不表明に関するお知らせ(15:40)](https://www.kubotek.com/info/pdf/gyoseki/2027_03/20260807_inforeview.pdf)

Sources
[クボテック IR情報](https://www.kubotek.com/info/ir/ir.html)
[クボテック 業績報告](https://www.kubotek.com/info/ir/gyoseki/gyoseki.html)
[IRBANK 7709 クボテック 株式情報](https://irbank.net/7709)
[クボテック 7709 適時開示一覧](https://finance.yahoo.co.jp/quote/7709.T/disclosure)",2026-09-20T14:16:11.542941+09:00,2026-09-20T19:25:50.105426+09:00,,,JPX 上場廃止決定・整理銘柄指定,2026-04-22,https://www.jpx.co.jp/listing/market-alerts/supervision/01.html,2026-09-21T00:18:58.304696+09:00,2026-09-21T00:20:36.781122+09:00,https://discord.com/channels/@me/1550876104917520505/1551117101027037264
2026-09-14|7709|volr20_low,2026-09-14,7709,クボテック,76.0,2405500.0,volr20_low,Silence,2026-09,entered,2026-09-15,80.0,,,,,-0.00809248554913,0.00646087580761,0.206349206349,1.18911971526,0.0,1.0,1.0,1.0,0.999612536108,0.849327027798,FORWARD_CAUSAL,492e735b3bceb345e784d9315189a8a98a9edf90663d0a46eee04895a85acabf,https://discord.com/channels/@me/1550876104917520505/1551117101027037264,2026-09-20T15:25:35.522621+09:00,complete,https://discord.com/channels/1479418833352785944/1550876675884060702/1551177205411876886,"材料インパクト
ネガティブ材料：上場廃止後は市場売買ができず、受注残急減・債務超過・具体的な資金計画未策定が重なる。

事業概要
液晶・半導体などのフラットパネル関連を含む画像処理外観検査装置、3Dソリューションシステム、メディアネット機器を開発・製造・販売する精密機器会社です。日本では検査装置、米国ではCAD/CAMソフト等を扱い、顧客の設備投資と受注案件が売上を左右します。

足元材料
9月17日開示では、9月30日を最後に東証での取扱いを終え、10月1日の上場廃止後は証券会社での取扱いもなく、株式譲渡は当事者間の相対取引に限られます。8月7日1Qは売上高2.16億円（前年同期比65.3％減）、営業損失0.61億円、主力日本の受注残高0.63億円（同92.3％減）で、事業継続と資金確保が中心課題です。

ファンダ要点
受注残高と資金繰りが最重要です。1Qの日本受注高は0.20億円（前年同期比92.7％減）、受注残高は0.63億円（同92.3％減）、日本売上は0.65億円（同86.8％減）に落ち込み、米国CAD/CAM等も売上1.51億円と増収ながらセグメント損失0.12億円でした。総資産8.33億円に対し純資産はマイナス0.14億円で、受注回復の速度と資金調達の実行が再建の鍵です。

注意点
資金調達の目途と受注回復が未解決です。期中レビューは結論不表明で、8期連続営業損失・2期連続営業キャッシュ・フロー赤字、債務超過、具体的な資金計画未策定を根拠に証拠を得られないとしています。上場廃止後は相対取引のみとなり、株式事務も会社が直接対応するため、事業継続だけでなく非上場化後の株式手続きと資金確保の進捗が重要です。

開示リンク
[2026-09-17 上場廃止後の当社株式の取扱いに関するお知らせ(15:40)](https://www.kubotek.com/info/pdf/gyoseki/2027_03/haishigo_info20260917.pdf)
[2026-08-07 2027年3月期 第1四半期決算短信〔日本基準〕（連結）(15:40)](https://www.kubotek.com/info/pdf/gyoseki/2027_03/1Q_tanshin_202703.pdf)
[2026-08-07 2027年3月期第1四半期の四半期連結財務諸表に係る期中レビュー報告書の結論の不表明に関するお知らせ(15:40)](https://www.kubotek.com/info/pdf/gyoseki/2027_03/20260807_inforeview.pdf)

Sources
[クボテック IR情報](https://www.kubotek.com/info/ir/ir.html)
[クボテック 業績報告](https://www.kubotek.com/info/ir/gyoseki/gyoseki.html)
[IRBANK 7709 クボテック 株式情報](https://irbank.net/7709)
[クボテック 7709 適時開示一覧](https://finance.yahoo.co.jp/quote/7709.T/disclosure)",2026-09-20T14:16:11.542941+09:00,2026-09-20T19:25:50.105426+09:00,,,JPX 上場廃止決定・整理銘柄指定,2026-04-22,https://www.jpx.co.jp/listing/market-alerts/supervision/01.html,2026-09-21T00:18:58.304696+09:00,2026-09-21T00:20:36.781122+09:00,https://discord.com/channels/@me/1550876104917520505/1551117101027037264
