selector_id,selector_name,period,n,pending,mean_pct,median_pct,win_pct,plus10_pct,plus20_pct,minus10_pct,minus20_pct,max_up_pct,max_down_pct,top3_ex_mean_pct,cash_pl_100_yen,required_capital_yen,capital_return_pct,simple_annualized_pct
volr20_low,Silence,2023-01,3,0,7.2586761858,5.6338028169,66.6666666667,33.3333333333,33.3333333333,0,0,24.7311827957,-8.58895705521,,5700,88900,6.41169853768,195.152066929
volr20_low,Silence,2023-02,4,0,4.33612626762,7.834893437,75,50,0,25,0,16.3043478261,-14.6296296296,-14.6296296296,-9800,145500,-6.735395189,-123.002628866
volr20_low,Silence,2023-03,3,0,16.4275986671,2.57862019089,66.6666666667,33.3333333333,33.3333333333,33.3333333333,0,61.4876033058,-14.7834274953,,30170.0012207,145400,20.7496569606,582.973583264
volr20_low,Silence,2023-04,6,0,0.314599018596,-3.07059961315,33.3333333333,16.6666666667,0,16.6666666667,0,19.1950464396,-12.5874125874,-7.77547778234,3300,155000,2.12903225806,22.8709724858
volr20_low,Silence,2023-05,9,0,-0.00256449413667,-11.1111111111,44.4444444444,33.3333333333,22.2222222222,55.5555555556,0,29.9163179916,-14.5736434109,-10.4567383075,1800,225400,0.798580301686,13.2579757199
volr20_low,Silence,2023-06,3,0,55.7891828534,54.3933054393,100,66.6666666667,66.6666666667,0,0,106.403940887,6.5703022339,,39600,120300,32.9177057357,1001.91209476
volr20_low,Silence,2023-07,2,0,-3.86060272465,-3.86060272465,50,50,0,50,0,10.650887574,-18.3720930233,,-4300,76800,-5.59895833333,-204.497753906
volr20_low,Silence,2023-08,4,0,-7.12340505805,-2.92397660818,25,0,0,25,25,2.88624787776,-25.5319148936,-25.5319148936,-4100,58900,-6.96095076401,-97.785963824
volr20_low,Silence,2023-09,2,0,-7.73535855597,-7.73535855597,0,0,0,50,0,-0.566037735849,-14.9046793761,,-8900,110700,-8.03974706414,-293.645731707
volr20_low,Silence,2023-10,10,0,5.9753251015,-2.36908554399,50,30,20,30,20,80.0838574423,-25.6666666667,-10.1783317839,15200,313300,4.85157995531,61.1035583389
volr20_low,Silence,2023-12,4,0,-0.859639568165,-2.62340551718,25,25,25,25,0,21.5596330275,-19.7513802658,-19.7513802658,7403.33213806,131383.334541,5.63490960548,121.06520421
volr20_low,Silence,2024-01,2,0,-3.92254824482,-3.92254824482,50,0,0,0,0,2.03442158266,-9.87951807229,,-7940.00091553,95780.0003052,-8.28983179184,-378.474861029
volr20_low,Silence,2024-02,2,0,8.52947973344,8.52947973344,100,50,0,0,0,12.2291021672,4.82985729967,,12300,155700,7.89980732177,360.668171965
volr20_low,Silence,2024-03,9,0,-1.20003476,-3.8961038961,44.4444444444,0,0,22.2222222222,0,9.375,-12,-5.66086358465,-8900,104200,-8.54126679463,-103.987787908
volr20_low,Silence,2024-04,8,0,2.51520341831,6.12345679013,62.5,25,12.5,37.5,12.5,53.0864197531,-41.9230769231,-10.2067008126,-16900,161200,-10.4838709677,-153.166209677
volr20_low,Silence,2024-05,7,0,32.2097794819,15.242881072,85.7142857143,71.4285714286,42.8571428571,0,0,111.111111111,-3.4375,6.45513314679,17700,66300,26.6968325792,423.948603187
volr20_low,Silence,2024-06,5,0,21.8206844469,5.30303030303,80,20,20,0,0,91.5697674419,0,1.23726346434,68300,137500,49.6727272727,863.932909091
volr20_low,Silence,2024-07,8,0,0.727216652827,-5.53091397851,37.5,12.5,12.5,50,12.5,91.1428615025,-52.3703681098,-17.6007249276,-3269.99969477,172600,-1.89455370497,-26.6142896764
volr20_low,Silence,2024-08,6,0,8.1241900335,8.20263599375,66.6666666667,50,16.6666666667,0,0,27.9296875,-5.8002165568,-3.27526928067,23260.0006103,140139.99939,16.5976885341,336.787847467
volr20_low,Silence,2024-09,10,0,-2.62373217106,-5.18273594065,30,30,20,30,20,22.2222222222,-23.6363636364,-12.4376475053,-37729.9995422,184919.999695,-20.4034174803,-225.824097244
volr20_low,Silence,2024-10,13,0,3.58533003816,1.38888888889,53.8461538462,23.0769230769,23.0769230769,30.7692307692,0,51.5527950311,-16.2962962963,-5.15742151949,-6999.99999997,327400,-2.1380574221,-22.3116982284
volr20_low,Silence,2024-11,3,0,-0.543141915633,-6.1038961039,33.3333333333,33.3333333333,33.3333333333,33.3333333333,33.3333333333,30.7456567977,-26.2711864407,,-1780.00030518,96580.0003052,-1.84303199374,-48.0824009267
volr20_low,Silence,2024-12,3,0,31.6026676025,11.6883116883,66.6666666667,66.6666666667,33.3333333333,33.3333333333,33.3333333333,105.405405405,-22.2857142857,,33000,33300,99.0990990991,1005.4222973
volr20_low,Silence,2025-01,6,0,2.76317896731,1.72965527438,50,16.6666666667,0,0,0,17.0520231214,-8.70004917236,-5.20269361034,5259.9975586,183380.001831,2.86835942092,61.6262803409
volr20_low,Silence,2025-02,6,0,2.61755095124,4.2188975719,66.6666666667,16.6666666667,16.6666666667,16.6666666667,0,21.8784530387,-10.7407407407,-5.76766523002,5140.0024414,300800,1.70877740738,20.8039377405
volr20_low,Silence,2025-03,3,0,8.5077086233,22.8070175439,66.6666666667,66.6666666667,66.6666666667,33.3333333333,33.3333333333,30.8851224105,-28.1690140845,,33400,106200,31.450094162,370.545516676
volr20_low,Silence,2025-04,1,0,31.1827956989,31.1827956989,100,100,100,0,0,31.1827956989,31.1827956989,,2900,9300,31.1827956989,1627.04032258
volr20_low,Silence,2025-05,6,0,0.79866885399,2.56477968142,50,50,0,33.3333333333,0,15.7480314961,-16.2337662338,-13.3810633811,-630.00030517,48809.9998474,-1.29071974419,-27.7309238922
volr20_low,Silence,2025-06,3,0,30.2667641915,27.6041666667,66.6666666667,66.6666666667,66.6666666667,33.3333333333,0,82.8571428571,-19.6610169492,,2400,33000,7.27272727273,147.572727273
volr20_low,Silence,2025-07,5,0,-5.17864759342,-10.4575163399,20,20,0,60,0,18.3333333333,-14.450867052,-13.475433526,-4560.00061035,39800,-11.4572879657,-160.949557685
volr20_low,Silence,2025-08,1,0,7.40740740741,7.40740740741,100,0,0,0,0,7.40740740741,7.40740740741,,1600,21600,7.40740740741,386.5
volr20_low,Silence,2025-09,1,0,-19.8335644938,-19.8335644938,0,0,0,100,0,-19.8335644938,-19.8335644938,,-7150,36050,-19.8335644938,-1034.86581137
volr20_low,Silence,2025-10,5,0,7.91009481749,-7.29411764706,20,20,20,40,0,84.1176470588,-19.0298507463,-16.8482587065,43200,112400,38.4341637011,350.94475089
volr20_low,Silence,2025-11,2,0,73.4615384616,73.4615384616,100,100,50,0,0,130,16.9230769231,,8900,12500,71.2,2600.5266
volr20_low,Silence,2025-12,5,0,-8.67639077136,-13.3333333333,40,40,0,60,40,19.7849462366,-39.8692810458,-31.4346405229,17300,205000,8.43902439024,128.428765244
volr20_low,Silence,2026-01,2,0,-2.36904761905,-2.36904761905,50,0,0,0,0,3,-7.7380952381,,-400,30000,-1.33333333333,-34.785
volr20_low,Silence,2026-02,3,0,15.5534538321,2.9689608637,66.6666666667,33.3333333333,33.3333333333,0,0,51.1475409836,-7.45614035088,,30000,106600,28.1425891182,411.15478424
volr20_low,Silence,2026-03,12,0,13.4999540154,11.5643906655,58.3333333333,58.3333333333,41.6666666667,16.6666666667,0,43.216080402,-14.6997929607,4.01588054356,93350,237900,39.2391761244,409.480422446
volr20_low,Silence,2026-04,8,0,-9.53128443631,-11.2197215335,12.5,12.5,0,62.5,25,10.6382978723,-25.9212198221,-16.5961546953,-44300,195000,-22.7179487179,-230.487788462
volr20_low,Silence,2026-05,7,0,-4.73419907142,-2.93103448276,28.5714285714,0,0,42.8571428571,14.2857142857,8.74848116646,-23.3590733591,-12.2351739487,-10900,172400,-6.32250580046,-72.1639945258
volr20_low,Silence,2026-06,5,0,-12.0985302819,-11.5384615385,20,0,0,60,20,9.23566878981,-29.7085201794,-24.1399743754,-31300,128400,-24.3769470405,-287.209583208
volr20_low,Silence,2026-08,1,0,-0.210526315789,-0.210526315789,0,0,0,0,0,-0.210526315789,-0.210526315789,,-100,47500,-0.210526315789,-9.61164473684
volr20_low,Silence,2026-09,2,0,39.7243388615,39.7243388615,100,100,100,0,0,41.3043478261,38.1443298969,,67400,170600,39.5076201641,1803.73274472
body_pct_low,Dive,2023-01,3,0,7.2586761858,5.6338028169,66.6666666667,33.3333333333,33.3333333333,0,0,24.7311827957,-8.58895705521,,5700,88900,6.41169853768,195.152066929
body_pct_low,Dive,2023-02,4,0,4.33612626762,7.834893437,75,50,0,25,0,16.3043478261,-14.6296296296,-14.6296296296,-9800,145500,-6.735395189,-123.002628866
body_pct_low,Dive,2023-03,3,0,16.4275986671,2.57862019089,66.6666666667,33.3333333333,33.3333333333,33.3333333333,0,61.4876033058,-14.7834274953,,30170.0012207,145400,20.7496569606,582.973583264
body_pct_low,Dive,2023-04,5,0,2.35858632958,-0.833683223273,40,20,0,20,0,19.1950464396,-12.5874125874,-6.78071928071,6233.33129883,167966.668701,3.71105252431,39.8657088708
body_pct_low,Dive,2023-05,9,0,-0.805335618477,-11.1111111111,44.4444444444,22.2222222222,22.2222222222,55.5555555556,0,29.9163179916,-13.6363636364,-10.2377424904,1100,225400,0.488021295475,8.10209627329
body_pct_low,Dive,2023-06,3,0,55.7891828534,54.3933054393,100,66.6666666667,66.6666666667,0,0,106.403940887,6.5703022339,,39600,120300,32.9177057357,1001.91209476
body_pct_low,Dive,2023-07,2,0,-3.86060272465,-3.86060272465,50,50,0,50,0,10.650887574,-18.3720930233,,-4300,76800,-5.59895833333,-204.497753906
body_pct_low,Dive,2023-08,4,0,-7.12340505805,-2.92397660818,25,0,0,25,25,2.88624787776,-25.5319148936,-25.5319148936,-4100,58900,-6.96095076401,-97.785963824
body_pct_low,Dive,2023-09,2,0,-7.73535855597,-7.73535855597,0,0,0,50,0,-0.566037735849,-14.9046793761,,-8900,110700,-8.03974706414,-293.645731707
body_pct_low,Dive,2023-10,10,0,5.9753251015,-2.36908554399,50,30,20,30,20,80.0838574423,-25.6666666667,-10.1783317839,15200,313300,4.85157995531,61.1035583389
body_pct_low,Dive,2023-12,4,0,-0.859639568165,-2.62340551718,25,25,25,25,0,21.5596330275,-19.7513802658,-19.7513802658,7403.33213806,131383.334541,5.63490960548,121.06520421
body_pct_low,Dive,2024-01,2,0,-3.92254824482,-3.92254824482,50,0,0,0,0,2.03442158266,-9.87951807229,,-7940.00091553,95780.0003052,-8.28983179184,-378.474861029
body_pct_low,Dive,2024-02,2,0,8.52947973344,8.52947973344,100,50,0,0,0,12.2291021672,4.82985729967,,12300,155700,7.89980732177,360.668171965
body_pct_low,Dive,2024-03,9,0,1.78054968289,4.89913544669,55.5555555556,33.3333333333,0,22.2222222222,0,19.4366197183,-14.5161290323,-4.76621118659,7700,174800,4.40503432494,53.6301916476
body_pct_low,Dive,2024-04,8,0,-5.39547467271,-2.37654320988,50,12.5,0,50,12.5,10.4,-41.9230769231,-13.6465018076,-25300,193300,-13.0884635282,-191.218525608
body_pct_low,Dive,2024-05,7,0,22.6537949259,12.5,71.4285714286,57.1428571429,28.5714285714,14.2857142857,0,111.111111111,-12.8378378378,-0.565046580663,13800,69800,19.770773639,313.962034384
body_pct_low,Dive,2024-06,5,0,20.5280598248,2.47452692868,60,20,20,0,0,91.5697674419,-1.16009280742,-0.58004640371,64875,137500,47.1818181818,820.609772727
body_pct_low,Dive,2024-07,8,0,12.0015433595,0.668410345829,50,37.5,25,37.5,0,91.1428615025,-13.3333333333,-6.73025490929,20860.0006104,230600,9.0459673072,127.075835162
body_pct_low,Dive,2024-08,6,0,15.0176813545,4.98062603347,83.3333333333,33.3333333333,16.6666666667,16.6666666667,0,76.2962962963,-12.5567322239,-2.4929396414,9490.00015259,201560.00061,4.70827551292,95.5367955016
body_pct_low,Dive,2024-09,10,0,-7.7696514135,-7.01492537314,10,10,10,40,20,22.2222222222,-23.6363636364,-13.8240085931,-44196.6621399,214219.999695,-20.6314360017,-228.347795874
body_pct_low,Dive,2024-10,13,0,4.75381926962,1.38888888889,53.8461538462,23.0769230769,23.0769230769,30.7692307692,7.69230769231,51.5527950311,-21.0053859964,-5.93691575979,-1966.66870117,264400,-0.743823260654,-7.76216763656
body_pct_low,Dive,2024-11,3,0,4.46461809555,8.91938392966,66.6666666667,33.3333333333,33.3333333333,33.3333333333,33.3333333333,30.7456567977,-26.2711864407,,5000,42900,11.655011655,304.064685315
body_pct_low,Dive,2024-12,3,0,31.6026676025,11.6883116883,66.6666666667,66.6666666667,33.3333333333,33.3333333333,33.3333333333,105.405405405,-22.2857142857,,33000,33300,99.0990990991,1005.4222973
body_pct_low,Dive,2025-01,6,0,2.76317896731,1.72965527438,50,16.6666666667,0,0,0,17.0520231214,-8.70004917236,-5.20269361034,5259.9975586,183380.001831,2.86835942092,61.6262803409
body_pct_low,Dive,2025-02,6,0,-5.52673368879,-6.81809734797,33.3333333333,0,0,33.3333333333,0,5.82010795593,-17.731629393,-12.7208932747,-30939.9993897,272900,-11.337486035,-138.031058105
body_pct_low,Dive,2025-03,3,0,8.5077086233,22.8070175439,66.6666666667,66.6666666667,66.6666666667,33.3333333333,33.3333333333,30.8851224105,-28.1690140845,,33400,106200,31.450094162,370.545516676
body_pct_low,Dive,2025-04,1,0,31.1827956989,31.1827956989,100,100,100,0,0,31.1827956989,31.1827956989,,2900,9300,31.1827956989,1627.04032258
body_pct_low,Dive,2025-05,6,0,0.79866885399,2.56477968142,50,50,0,33.3333333333,0,15.7480314961,-16.2337662338,-13.3810633811,-630.00030517,48809.9998474,-1.29071974419,-27.7309238922
body_pct_low,Dive,2025-06,3,0,32.881380828,27.6041666667,66.6666666667,66.6666666667,66.6666666667,33.3333333333,0,82.8571428571,-11.8171670399,,7140.00015259,22700,31.4537451656,638.235806591
body_pct_low,Dive,2025-07,5,0,2.60514283826,-6.81818790851,40,40,20,40,0,24.4680851064,-12.5,-11.4787581699,239.999389648,31900,0.75234918385,10.5688421839
body_pct_low,Dive,2025-08,1,0,-10.8527131783,-10.8527131783,0,0,0,100,0,-10.8527131783,-10.8527131783,,-4200,38700,-10.8527131783,-566.26744186
body_pct_low,Dive,2025-09,1,0,-19.8335644938,-19.8335644938,0,0,0,100,0,-19.8335644938,-19.8335644938,,-7150,36050,-19.8335644938,-1034.86581137
body_pct_low,Dive,2025-10,5,0,10.121533272,-7.29411764706,20,20,20,20,0,84.1176470588,-14.6666666667,-11.3196625701,45966.6687012,112400,40.8956127235,373.420395754
body_pct_low,Dive,2025-11,2,0,73.4615384616,73.4615384616,100,100,50,0,0,130,16.9230769231,,8900,12500,71.2,2600.5266
body_pct_low,Dive,2025-12,5,0,-5.01098853832,-13.3333333333,40,40,20,60,40,31.3627254509,-39.8692810458,-31.4346405229,34000,192800,17.6348547718,268.374935166
body_pct_low,Dive,2026-01,2,0,13.9535315985,13.9535315985,100,50,50,0,0,24.907063197,3,,14300,53800,26.5799256506,693.437035316
body_pct_low,Dive,2026-02,3,0,15.5534538321,2.9689608637,66.6666666667,33.3333333333,33.3333333333,0,0,51.1475409836,-7.45614035088,,30000,106600,28.1425891182,411.15478424
body_pct_low,Dive,2026-03,12,0,10.7305744504,11.2466843501,58.3333333333,58.3333333333,33.3333333333,16.6666666667,0,43.216080402,-18.4705882353,1.77550629701,64150,274600,23.3612527312,243.786352877
body_pct_low,Dive,2026-04,8,0,-0.539029803989,-7.05594075936,37.5,37.5,25,50,25,32.5925925926,-25.9212198221,-14.9306423857,-8050,217750,-3.69690011481,-37.5073622273
body_pct_low,Dive,2026-05,7,0,-4.73419907142,-2.93103448276,28.5714285714,0,0,42.8571428571,14.2857142857,8.74848116646,-23.3590733591,-12.2351739487,-10900,172400,-6.32250580046,-72.1639945258
body_pct_low,Dive,2026-06,5,0,-12.0985302819,-11.5384615385,20,0,0,60,20,9.23566878981,-29.7085201794,-24.1399743754,-31300,128400,-24.3769470405,-287.209583208
body_pct_low,Dive,2026-08,1,0,-0.210526315789,-0.210526315789,0,0,0,0,0,-0.210526315789,-0.210526315789,,-100,47500,-0.210526315789,-9.61164473684
body_pct_low,Dive,2026-09,2,0,39.7243388615,39.7243388615,100,100,100,0,0,41.3043478261,38.1443298969,,67400,170600,39.5076201641,1803.73274472
mean_rank_volr20_body_pct,Shadow,2023-01,3,0,7.2586761858,5.6338028169,66.6666666667,33.3333333333,33.3333333333,0,0,24.7311827957,-8.58895705521,,5700,88900,6.41169853768,195.152066929
mean_rank_volr20_body_pct,Shadow,2023-02,4,0,4.33612626762,7.834893437,75,50,0,25,0,16.3043478261,-14.6296296296,-14.6296296296,-9800,145500,-6.735395189,-123.002628866
mean_rank_volr20_body_pct,Shadow,2023-03,3,0,16.4275986671,2.57862019089,66.6666666667,33.3333333333,33.3333333333,33.3333333333,0,61.4876033058,-14.7834274953,,30170.0012207,145400,20.7496569606,582.973583264
mean_rank_volr20_body_pct,Shadow,2023-04,6,0,1.10429306594,-0.90385459865,33.3333333333,16.6666666667,0,16.6666666667,0,19.1950464396,-12.5874125874,-6.24287060457,4533.33129883,200866.668701,2.25688578804,24.2444296305
mean_rank_volr20_body_pct,Shadow,2023-05,9,0,-0.951332829877,-11.1111111111,44.4444444444,22.2222222222,22.2222222222,55.5555555556,0,29.9163179916,-14.5736434109,-10.4567383075,-3500,225400,-1.55279503106,-25.7793972332
mean_rank_volr20_body_pct,Shadow,2023-06,3,0,55.7891828534,54.3933054393,100,66.6666666667,66.6666666667,0,0,106.403940887,6.5703022339,,39600,120300,32.9177057357,1001.91209476
mean_rank_volr20_body_pct,Shadow,2023-07,2,0,-3.86060272465,-3.86060272465,50,50,0,50,0,10.650887574,-18.3720930233,,-4300,76800,-5.59895833333,-204.497753906
mean_rank_volr20_body_pct,Shadow,2023-08,4,0,-7.12340505805,-2.92397660818,25,0,0,25,25,2.88624787776,-25.5319148936,-25.5319148936,-4100,58900,-6.96095076401,-97.785963824
mean_rank_volr20_body_pct,Shadow,2023-09,2,0,-7.73535855597,-7.73535855597,0,0,0,50,0,-0.566037735849,-14.9046793761,,-8900,110700,-8.03974706414,-293.645731707
mean_rank_volr20_body_pct,Shadow,2023-10,10,0,5.9753251015,-2.36908554399,50,30,20,30,20,80.0838574423,-25.6666666667,-10.1783317839,15200,313300,4.85157995531,61.1035583389
mean_rank_volr20_body_pct,Shadow,2023-12,4,0,-0.859639568165,-2.62340551718,25,25,25,25,0,21.5596330275,-19.7513802658,-19.7513802658,7403.33213806,131383.334541,5.63490960548,121.06520421
mean_rank_volr20_body_pct,Shadow,2024-01,2,0,-3.92254824482,-3.92254824482,50,0,0,0,0,2.03442158266,-9.87951807229,,-7940.00091553,95780.0003052,-8.28983179184,-378.474861029
mean_rank_volr20_body_pct,Shadow,2024-02,2,0,8.52947973344,8.52947973344,100,50,0,0,0,12.2291021672,4.82985729967,,12300,155700,7.89980732177,360.668171965
mean_rank_volr20_body_pct,Shadow,2024-03,9,0,2.24233468589,4.89913544669,55.5555555556,22.2222222222,0,22.2222222222,0,19.4366197183,-12,-3.60293675538,3500,135900,2.57542310522,31.3551324503
mean_rank_volr20_body_pct,Shadow,2024-04,8,0,2.51520341831,6.12345679013,62.5,25,12.5,37.5,12.5,53.0864197531,-41.9230769231,-10.2067008126,-16900,161200,-10.4838709677,-153.166209677
mean_rank_volr20_body_pct,Shadow,2024-05,7,0,32.2097794819,15.242881072,85.7142857143,71.4285714286,42.8571428571,0,0,111.111111111,-3.4375,6.45513314679,17700,66300,26.6968325792,423.948603187
mean_rank_volr20_body_pct,Shadow,2024-06,5,0,21.8206844469,5.30303030303,80,20,20,0,0,91.5697674419,0,1.23726346434,68300,137500,49.6727272727,863.932909091
mean_rank_volr20_body_pct,Shadow,2024-07,8,0,3.96959160812,-5.53091397851,37.5,25,25,50,12.5,91.1428615025,-52.3703681098,-17.6007249276,7990.00091558,195300,4.09114230188,57.4715016229
mean_rank_volr20_body_pct,Shadow,2024-08,6,0,8.85619936119,10.6443053774,83.3333333333,50,16.6666666667,16.6666666667,0,27.9296875,-12.5567322239,-1.81125062528,20760.0006103,201560.00061,10.2996629031,208.993034882
mean_rank_volr20_body_pct,Shadow,2024-09,10,0,-4.20582162627,-3.8820962818,20,20,10,30,20,22.2222222222,-23.6363636364,-11.4339220839,-31196.6621399,163519.999695,-19.0781936143,-211.156579733
mean_rank_volr20_body_pct,Shadow,2024-10,13,0,8.32198055088,1.73913043478,61.5384615385,30.7692307692,30.7692307692,23.0769230769,0,51.5527950311,-16.2962962963,-1.71137716015,14733.3312988,264400,5.5723643339,58.1504080064
mean_rank_volr20_body_pct,Shadow,2024-11,3,0,4.46461809555,8.91938392966,66.6666666667,33.3333333333,33.3333333333,33.3333333333,33.3333333333,30.7456567977,-26.2711864407,,5000,42900,11.655011655,304.064685315
mean_rank_volr20_body_pct,Shadow,2024-12,3,0,31.6026676025,11.6883116883,66.6666666667,66.6666666667,33.3333333333,33.3333333333,33.3333333333,105.405405405,-22.2857142857,,33000,33300,99.0990990991,1005.4222973
mean_rank_volr20_body_pct,Shadow,2025-01,6,0,2.76317896731,1.72965527438,50,16.6666666667,0,0,0,17.0520231214,-8.70004917236,-5.20269361034,5259.9975586,183380.001831,2.86835942092,61.6262803409
mean_rank_volr20_body_pct,Shadow,2025-02,6,0,-3.98412945404,-3.28112747468,50,0,0,33.3333333333,0,5.82010795593,-17.731629393,-12.7208932747,-25759.9975586,272900,-9.43935418051,-114.921777309
mean_rank_volr20_body_pct,Shadow,2025-03,3,0,8.5077086233,22.8070175439,66.6666666667,66.6666666667,66.6666666667,33.3333333333,33.3333333333,30.8851224105,-28.1690140845,,33400,106200,31.450094162,370.545516676
mean_rank_volr20_body_pct,Shadow,2025-04,1,0,31.1827956989,31.1827956989,100,100,100,0,0,31.1827956989,31.1827956989,,2900,9300,31.1827956989,1627.04032258
mean_rank_volr20_body_pct,Shadow,2025-05,6,0,0.79866885399,2.56477968142,50,50,0,33.3333333333,0,15.7480314961,-16.2337662338,-13.3810633811,-630.00030517,48809.9998474,-1.29071974419,-27.7309238922
mean_rank_volr20_body_pct,Shadow,2025-06,3,0,32.881380828,27.6041666667,66.6666666667,66.6666666667,66.6666666667,33.3333333333,0,82.8571428571,-11.8171670399,,7140.00015259,22700,31.4537451656,638.235806591
mean_rank_volr20_body_pct,Shadow,2025-07,5,0,-5.17864759342,-10.4575163399,20,20,0,60,0,18.3333333333,-14.450867052,-13.475433526,-4560.00061035,39800,-11.4572879657,-160.949557685
mean_rank_volr20_body_pct,Shadow,2025-08,1,0,-10.8527131783,-10.8527131783,0,0,0,100,0,-10.8527131783,-10.8527131783,,-4200,38700,-10.8527131783,-566.26744186
mean_rank_volr20_body_pct,Shadow,2025-09,1,0,-19.8335644938,-19.8335644938,0,0,0,100,0,-19.8335644938,-19.8335644938,,-7150,36050,-19.8335644938,-1034.86581137
mean_rank_volr20_body_pct,Shadow,2025-10,5,0,9.93524304894,-7.29411764706,20,20,20,20,0,84.1176470588,-14.6666666667,-11.7853881279,47000,112400,41.8149466192,381.814891014
mean_rank_volr20_body_pct,Shadow,2025-11,2,0,73.4615384616,73.4615384616,100,100,50,0,0,130,16.9230769231,,8900,12500,71.2,2600.5266
mean_rank_volr20_body_pct,Shadow,2025-12,5,0,-5.01098853832,-13.3333333333,40,40,20,60,40,31.3627254509,-39.8692810458,-31.4346405229,34000,192800,17.6348547718,268.374935166
mean_rank_volr20_body_pct,Shadow,2026-01,2,0,13.9535315985,13.9535315985,100,50,50,0,0,24.907063197,3,,14300,53800,26.5799256506,693.437035316
mean_rank_volr20_body_pct,Shadow,2026-02,3,0,15.5534538321,2.9689608637,66.6666666667,33.3333333333,33.3333333333,0,0,51.1475409836,-7.45614035088,,30000,106600,28.1425891182,411.15478424
mean_rank_volr20_body_pct,Shadow,2026-03,12,0,13.1857210758,11.5643906655,58.3333333333,58.3333333333,41.6666666667,16.6666666667,0,43.216080402,-18.4705882353,3.59690329082,84750,274600,30.8630735615,322.071604151
mean_rank_volr20_body_pct,Shadow,2026-04,8,0,-3.28331664403,-7.05594075936,37.5,37.5,12.5,50,25,26.1802575107,-25.9212198221,-14.9306423857,-29050,194700,-14.9203903441,-151.376685285
mean_rank_volr20_body_pct,Shadow,2026-05,7,0,-4.73419907142,-2.93103448276,28.5714285714,0,0,42.8571428571,14.2857142857,8.74848116646,-23.3590733591,-12.2351739487,-10900,172400,-6.32250580046,-72.1639945258
mean_rank_volr20_body_pct,Shadow,2026-06,5,0,-12.0985302819,-11.5384615385,20,0,0,60,20,9.23566878981,-29.7085201794,-24.1399743754,-31300,128400,-24.3769470405,-287.209583208
mean_rank_volr20_body_pct,Shadow,2026-08,1,0,-0.210526315789,-0.210526315789,0,0,0,0,0,-0.210526315789,-0.210526315789,,-100,47500,-0.210526315789,-9.61164473684
mean_rank_volr20_body_pct,Shadow,2026-09,2,0,39.7243388615,39.7243388615,100,100,100,0,0,41.3043478261,38.1443298969,,67400,170600,39.5076201641,1803.73274472
dual_top1_agreement,Fusion,2023-01,3,0,7.2586761858,5.6338028169,66.6666666667,33.3333333333,33.3333333333,0,0,24.7311827957,-8.58895705521,,5700,88900,6.41169853768,195.152066929
dual_top1_agreement,Fusion,2023-02,4,0,4.33612626762,7.834893437,75,50,0,25,0,16.3043478261,-14.6296296296,-14.6296296296,-9800,145500,-6.735395189,-123.002628866
dual_top1_agreement,Fusion,2023-03,3,0,16.4275986671,2.57862019089,66.6666666667,33.3333333333,33.3333333333,33.3333333333,0,61.4876033058,-14.7834274953,,30170.0012207,145400,20.7496569606,582.973583264
dual_top1_agreement,Fusion,2023-04,4,0,3.1566537178,3.00949050949,50,25,0,25,0,19.1950464396,-12.5874125874,-12.5874125874,6900,93200,7.40343347639,79.5308397501
dual_top1_agreement,Fusion,2023-05,7,0,0.537779561539,-11.1111111111,42.8571428571,28.5714285714,28.5714285714,57.1428571429,0,29.9163179916,-13.6363636364,-12.5113098682,5300,225400,2.35137533274,39.0373729531
dual_top1_agreement,Fusion,2023-06,3,0,55.7891828534,54.3933054393,100,66.6666666667,66.6666666667,0,0,106.403940887,6.5703022339,,39600,120300,32.9177057357,1001.91209476
dual_top1_agreement,Fusion,2023-07,2,0,-3.86060272465,-3.86060272465,50,50,0,50,0,10.650887574,-18.3720930233,,-4300,76800,-5.59895833333,-204.497753906
dual_top1_agreement,Fusion,2023-08,4,0,-7.12340505805,-2.92397660818,25,0,0,25,25,2.88624787776,-25.5319148936,-25.5319148936,-4100,58900,-6.96095076401,-97.785963824
dual_top1_agreement,Fusion,2023-09,2,0,-7.73535855597,-7.73535855597,0,0,0,50,0,-0.566037735849,-14.9046793761,,-8900,110700,-8.03974706414,-293.645731707
dual_top1_agreement,Fusion,2023-10,10,0,5.9753251015,-2.36908554399,50,30,20,30,20,80.0838574423,-25.6666666667,-10.1783317839,15200,313300,4.85157995531,61.1035583389
dual_top1_agreement,Fusion,2023-12,4,0,-0.859639568165,-2.62340551718,25,25,25,25,0,21.5596330275,-19.7513802658,-19.7513802658,7403.33213806,131383.334541,5.63490960548,121.06520421
dual_top1_agreement,Fusion,2024-01,2,0,-3.92254824482,-3.92254824482,50,0,0,0,0,2.03442158266,-9.87951807229,,-7940.00091553,95780.0003052,-8.28983179184,-378.474861029
dual_top1_agreement,Fusion,2024-02,2,0,8.52947973344,8.52947973344,100,50,0,0,0,12.2291021672,4.82985729967,,12300,155700,7.89980732177,360.668171965
dual_top1_agreement,Fusion,2024-03,4,0,-1.43037915904,-0.88376560999,50,0,0,25,0,6.09756097561,-10.0515463918,-10.0515463918,-6600,77600,-8.50515463918,-103.548131443
dual_top1_agreement,Fusion,2024-04,7,0,-4.70925605809,5.24691358025,57.1428571429,14.2857142857,0,42.8571428571,14.2857142857,10.4,-41.9230769231,-14.5083760158,-21200,153100,-13.8471587198,-202.302834749
dual_top1_agreement,Fusion,2024-05,6,0,28.5690670531,13.871440536,83.3333333333,66.6666666667,33.3333333333,0,0,111.111111111,-3.4375,3.52588383838,15700,66300,23.6802413273,376.044806217
dual_top1_agreement,Fusion,2024-06,4,0,25.9500979829,6.11531224483,75,25,25,0,0,91.5697674419,0,0,65500,137500,47.6363636364,828.515454545
dual_top1_agreement,Fusion,2024-07,6,0,9.58193115934,-5.53091397851,33.3333333333,16.6666666667,16.6666666667,50,0,91.1428615025,-13.3333333333,-11.6626984127,3660.0006104,143800,2.54520209346,37.1846390249
dual_top1_agreement,Fusion,2024-08,2,0,8.20263599375,8.20263599375,100,50,0,0,0,15.2854511971,1.1198207904,,8500,72160.0006104,11.7793790578,391.120895956
dual_top1_agreement,Fusion,2024-09,6,0,-6.13896184633,-5.18273594065,16.6666666667,16.6666666667,16.6666666667,33.3333333333,33.3333333333,22.2222222222,-23.6363636364,-18.4686954836,-27629.9995422,114619.999695,-24.1057403732,-400.201858103
dual_top1_agreement,Fusion,2024-10,11,0,3.13082031178,1.38888888889,54.5454545455,18.1818181818,18.1818181818,27.2727272727,0,51.5527950311,-16.2962962963,-5.48403077222,2333.33129883,264400,0.882500491237,9.2093338763
dual_top1_agreement,Fusion,2024-11,2,0,2.2372351785,2.2372351785,50,50,50,50,50,30.7456567977,-26.2711864407,,2919.99969482,19580.0003052,14.9131749198,389.06609219
dual_top1_agreement,Fusion,2024-12,3,0,31.6026676025,11.6883116883,66.6666666667,66.6666666667,33.3333333333,33.3333333333,33.3333333333,105.405405405,-22.2857142857,,33000,33300,99.0990990991,1005.4222973
dual_top1_agreement,Fusion,2025-01,6,0,2.76317896731,1.72965527438,50,16.6666666667,0,0,0,17.0520231214,-8.70004917236,-5.20269361034,5259.9975586,183380.001831,2.86835942092,61.6262803409
dual_top1_agreement,Fusion,2025-02,4,0,-2.87072193353,-3.28112747468,50,0,0,25,0,5.82010795593,-10.7407407407,-10.7407407407,-16339.9993897,210300,-7.76985230131,-94.5960093053
dual_top1_agreement,Fusion,2025-03,3,0,8.5077086233,22.8070175439,66.6666666667,66.6666666667,66.6666666667,33.3333333333,33.3333333333,30.8851224105,-28.1690140845,,33400,106200,31.450094162,370.545516676
dual_top1_agreement,Fusion,2025-04,1,0,31.1827956989,31.1827956989,100,100,100,0,0,31.1827956989,31.1827956989,,2900,9300,31.1827956989,1627.04032258
dual_top1_agreement,Fusion,2025-05,6,0,0.79866885399,2.56477968142,50,50,0,33.3333333333,0,15.7480314961,-16.2337662338,-13.3810633811,-630.00030517,48809.9998474,-1.29071974419,-27.7309238922
dual_top1_agreement,Fusion,2025-06,2,0,55.2306547619,55.2306547619,100,100,100,0,0,82.8571428571,27.6041666667,,8200,22700,36.1233480176,1014.90630295
dual_top1_agreement,Fusion,2025-07,4,0,-2.86059272878,-8.63785212421,25,25,0,50,0,18.3333333333,-12.5,-12.5,-2060.00061035,22500,-9.15555826823,-133.759959631
dual_top1_agreement,Fusion,2025-09,1,0,-19.8335644938,-19.8335644938,0,0,0,100,0,-19.8335644938,-19.8335644938,,-7150,36050,-19.8335644938,-1034.86581137
dual_top1_agreement,Fusion,2025-10,4,0,14.6450812084,-5.43532777918,25,25,25,25,0,84.1176470588,-14.6666666667,-14.6666666667,48300,112400,42.9715302491,402.436644539
dual_top1_agreement,Fusion,2025-11,2,0,73.4615384616,73.4615384616,100,100,50,0,0,130,16.9230769231,,8900,12500,71.2,2600.5266
dual_top1_agreement,Fusion,2025-12,4,0,-14.1044170356,-18.1666666666,25,25,0,75,50,19.7849462366,-39.8692810458,-39.8692810458,2700,123600,2.18446601942,41.9926226367
dual_top1_agreement,Fusion,2026-01,1,0,3,3,100,0,0,0,0,3,3,,900,30000,3,156.5325
dual_top1_agreement,Fusion,2026-02,3,0,15.5534538321,2.9689608637,66.6666666667,33.3333333333,33.3333333333,0,0,51.1475409836,-7.45614035088,,30000,106600,28.1425891182,411.15478424
dual_top1_agreement,Fusion,2026-03,10,0,13.5513343709,11.5643906655,60,60,40,10,0,43.216080402,-11.1012433393,3.24657242535,74750,227300,32.8860536736,343.18241311
dual_top1_agreement,Fusion,2026-04,5,0,-14.9306423857,-11.4035087719,0,0,0,80,40,-2.88739172281,-25.9212198221,-24.568910819,-43700,167200,-26.1363636364,-329.176234326
dual_top1_agreement,Fusion,2026-05,7,0,-4.73419907142,-2.93103448276,28.5714285714,0,0,42.8571428571,14.2857142857,8.74848116646,-23.3590733591,-12.2351739487,-10900,172400,-6.32250580046,-72.1639945258
dual_top1_agreement,Fusion,2026-06,5,0,-12.0985302819,-11.5384615385,20,0,0,60,20,9.23566878981,-29.7085201794,-24.1399743754,-31300,128400,-24.3769470405,-287.209583208
dual_top1_agreement,Fusion,2026-08,1,0,-0.210526315789,-0.210526315789,0,0,0,0,0,-0.210526315789,-0.210526315789,,-100,47500,-0.210526315789,-9.61164473684
dual_top1_agreement,Fusion,2026-09,2,0,39.7243388615,39.7243388615,100,100,100,0,0,41.3043478261,38.1443298969,,67400,170600,39.5076201641,1803.73274472
dual_top1_agreement_g3_no_acute_selloff,Balance,2023-01,2,0,-1.47757711916,-1.47757711916,50,0,0,0,0,5.6338028169,-8.58895705521,,-1200,61000,-1.96721311475,-65.319076006
dual_top1_agreement_g3_no_acute_selloff,Balance,2023-02,4,0,4.33612626762,7.834893437,75,50,0,25,0,16.3043478261,-14.6296296296,-14.6296296296,-9800,145500,-6.735395189,-123.002628866
dual_top1_agreement_g3_no_acute_selloff,Balance,2023-03,1,0,2.57862019089,2.57862019089,100,0,0,0,0,2.57862019089,2.57862019089,,820.001220703,31800,2.57862019089,117.727710634
dual_top1_agreement_g3_no_acute_selloff,Balance,2023-04,3,0,8.40467581953,6.99300699301,66.6666666667,33.3333333333,0,0,0,19.1950464396,-0.974025974026,,14100,93200,15.1287553648,167.444376707
dual_top1_agreement_g3_no_acute_selloff,Balance,2023-05,6,0,-4.35864351014,-11.7229564366,33.3333333333,16.6666666667,16.6666666667,66.6666666667,0,22.0149253731,-13.6363636364,-12.9780427872,-9000,177600,-5.06756756757,-88.1376689189
dual_top1_agreement_g3_no_acute_selloff,Balance,2023-06,3,0,55.7891828534,54.3933054393,100,66.6666666667,66.6666666667,0,0,106.403940887,6.5703022339,,39600,120300,32.9177057357,1001.91209476
dual_top1_agreement_g3_no_acute_selloff,Balance,2023-07,2,0,-3.86060272465,-3.86060272465,50,50,0,50,0,10.650887574,-18.3720930233,,-4300,76800,-5.59895833333,-204.497753906
dual_top1_agreement_g3_no_acute_selloff,Balance,2023-08,3,0,-9.49787341074,-5.84795321637,33.3333333333,0,0,33.3333333333,33.3333333333,2.88624787776,-25.5319148936,,-4100,58900,-6.96095076401,-121.068336163
dual_top1_agreement_g3_no_acute_selloff,Balance,2023-09,2,0,-7.73535855597,-7.73535855597,0,0,0,50,0,-0.566037735849,-14.9046793761,,-8900,110700,-8.03974706414,-293.645731707
dual_top1_agreement_g3_no_acute_selloff,Balance,2023-10,7,0,8.92562138119,-9.75369458128,42.8571428571,42.8571428571,28.5714285714,42.8571428571,28.5714285714,80.0838574423,-25.6666666667,-17.1305559585,15200,313300,4.85157995531,61.1035583389
dual_top1_agreement_g3_no_acute_selloff,Balance,2023-12,3,0,0.602750920567,0,33.3333333333,33.3333333333,33.3333333333,33.3333333333,0,21.5596330275,-19.7513802658,,8923.33335876,102413.333321,8.71305822146,227.312797675
dual_top1_agreement_g3_no_acute_selloff,Balance,2024-01,2,0,-3.92254824482,-3.92254824482,50,0,0,0,0,2.03442158266,-9.87951807229,,-7940.00091553,95780.0003052,-8.28983179184,-378.474861029
dual_top1_agreement_g3_no_acute_selloff,Balance,2024-02,2,0,8.52947973344,8.52947973344,100,50,0,0,0,12.2291021672,4.82985729967,,12300,155700,7.89980732177,360.668171965
dual_top1_agreement_g3_no_acute_selloff,Balance,2024-03,2,0,-0.28455284553,-0.28455284553,50,0,0,0,0,6.09756097561,-6.66666666667,,-500,15000,-3.33333333333,-60.87375
dual_top1_agreement_g3_no_acute_selloff,Balance,2024-04,4,0,-5.5018629216,6.12345679013,75,0,0,25,25,7.66871165644,-41.9230769231,-41.9230769231,-16900,117000,-14.4444444444,-376.8375
dual_top1_agreement_g3_no_acute_selloff,Balance,2024-05,6,0,28.5690670531,13.871440536,83.3333333333,66.6666666667,33.3333333333,0,0,111.111111111,-3.4375,3.52588383838,15700,66300,23.6802413273,376.044806217
dual_top1_agreement_g3_no_acute_selloff,Balance,2024-06,4,0,25.9500979829,6.11531224483,75,25,25,0,0,91.5697674419,0,0,65500,137500,47.6363636364,828.515454545
dual_top1_agreement_g3_no_acute_selloff,Balance,2024-07,5,0,11.6273496493,-10.4166666667,40,20,20,60,0,91.1428615025,-13.3333333333,-12.2857142857,3860.0006104,112800,3.42198635674,49.994194076
dual_top1_agreement_g3_no_acute_selloff,Balance,2024-08,1,0,1.1198207904,1.1198207904,100,0,0,0,0,1.1198207904,1.1198207904,,200,17860.0006104,1.1198207904,51.1257681295
dual_top1_agreement_g3_no_acute_selloff,Balance,2024-09,4,0,-14.2515216127,-15.8848614072,0,0,0,50,50,-1.6,-23.6363636364,-23.6363636364,-29400,103400,-28.4332688588,-494.525628627
dual_top1_agreement_g3_no_acute_selloff,Balance,2024-10,10,0,3.79884061457,1.56400966184,60,20,20,30,0,51.5527950311,-16.2962962963,-5.76040906596,4633.33129883,199600,2.32130826595,24.2240124093
dual_top1_agreement_g3_no_acute_selloff,Balance,2024-11,2,0,2.2372351785,2.2372351785,50,50,50,50,50,30.7456567977,-26.2711864407,,2919.99969482,19580.0003052,14.9131749198,389.06609219
dual_top1_agreement_g3_no_acute_selloff,Balance,2024-12,3,0,31.6026676025,11.6883116883,66.6666666667,66.6666666667,33.3333333333,33.3333333333,33.3333333333,105.405405405,-22.2857142857,,33000,33300,99.0990990991,1005.4222973
dual_top1_agreement_g3_no_acute_selloff,Balance,2025-01,6,0,2.76317896731,1.72965527438,50,16.6666666667,0,0,0,17.0520231214,-8.70004917236,-5.20269361034,5259.9975586,183380.001831,2.86835942092,61.6262803409
dual_top1_agreement_g3_no_acute_selloff,Balance,2025-02,4,0,-2.87072193353,-3.28112747468,50,0,0,25,0,5.82010795593,-10.7407407407,-10.7407407407,-16339.9993897,210300,-7.76985230131,-94.5960093053
dual_top1_agreement_g3_no_acute_selloff,Balance,2025-03,2,0,26.8460699772,26.8460699772,100,100,100,0,0,30.8851224105,22.8070175439,,35400,106200,33.3333333333,716.161764706
dual_top1_agreement_g3_no_acute_selloff,Balance,2025-04,1,0,31.1827956989,31.1827956989,100,100,100,0,0,31.1827956989,31.1827956989,,2900,9300,31.1827956989,1627.04032258
dual_top1_agreement_g3_no_acute_selloff,Balance,2025-05,6,0,0.79866885399,2.56477968142,50,50,0,33.3333333333,0,15.7480314961,-16.2337662338,-13.3810633811,-630.00030517,48809.9998474,-1.29071974419,-27.7309238922
dual_top1_agreement_g3_no_acute_selloff,Balance,2025-06,2,0,55.2306547619,55.2306547619,100,100,100,0,0,82.8571428571,27.6041666667,,8200,22700,36.1233480176,1014.90630295
dual_top1_agreement_g3_no_acute_selloff,Balance,2025-07,4,0,-2.86059272878,-8.63785212421,25,25,0,50,0,18.3333333333,-12.5,-12.5,-2060.00061035,22500,-9.15555826823,-133.759959631
dual_top1_agreement_g3_no_acute_selloff,Balance,2025-09,1,0,-19.8335644938,-19.8335644938,0,0,0,100,0,-19.8335644938,-19.8335644938,,-7150,36050,-19.8335644938,-1034.86581137
dual_top1_agreement_g3_no_acute_selloff,Balance,2025-10,3,0,24.4156638335,-3.5765379113,33.3333333333,33.3333333333,33.3333333333,0,0,84.1176470588,-7.29411764706,,51600,112400,45.9074733096,429.932315905
dual_top1_agreement_g3_no_acute_selloff,Balance,2025-11,1,0,130,130,100,100,100,0,0,130,130,,7800,6000,130,5935.190625
dual_top1_agreement_g3_no_acute_selloff,Balance,2025-12,4,0,-14.1044170356,-18.1666666666,25,25,0,75,50,19.7849462366,-39.8692810458,-39.8692810458,2700,123600,2.18446601942,41.9926226367
dual_top1_agreement_g3_no_acute_selloff,Balance,2026-01,1,0,3,3,100,0,0,0,0,3,3,,900,30000,3,156.5325
dual_top1_agreement_g3_no_acute_selloff,Balance,2026-02,3,0,15.5534538321,2.9689608637,66.6666666667,33.3333333333,33.3333333333,0,0,51.1475409836,-7.45614035088,,30000,106600,28.1425891182,411.15478424
dual_top1_agreement_g3_no_acute_selloff,Balance,2026-03,8,0,14.044413815,11.5643906655,62.5,62.5,37.5,12.5,0,43.216080402,-11.1012433393,1.08297547657,64750,191539.99939,33.8049494656,374.151644096
dual_top1_agreement_g3_no_acute_selloff,Balance,2026-04,5,0,-14.9306423857,-11.4035087719,0,0,0,80,40,-2.88739172281,-25.9212198221,-24.568910819,-43700,167200,-26.1363636364,-329.176234326
dual_top1_agreement_g3_no_acute_selloff,Balance,2026-05,7,0,-4.73419907142,-2.93103448276,28.5714285714,0,0,42.8571428571,14.2857142857,8.74848116646,-23.3590733591,-12.2351739487,-10900,172400,-6.32250580046,-72.1639945258
dual_top1_agreement_g3_no_acute_selloff,Balance,2026-06,4,0,-7.6960328075,-10.7241857242,25,0,0,50,0,9.23566878981,-18.5714285714,-18.5714285714,-4800,62500,-7.68,-90.485883871
dual_top1_agreement_g3_no_acute_selloff,Balance,2026-08,1,0,-0.210526315789,-0.210526315789,0,0,0,0,0,-0.210526315789,-0.210526315789,,-100,47500,-0.210526315789,-9.61164473684
dual_top1_agreement_g3_no_acute_selloff,Balance,2026-09,1,0,38.1443298969,38.1443298969,100,100,100,0,0,38.1443298969,38.1443298969,,37000,97000,38.1443298969,1990.2757732
all_conditions_stacked,Cloud合計（モード別積上げ）,2023-01,14,0,6.01063999937,5.6338028169,64.2857142857,28.5714285714,28.5714285714,0,0,24.7311827957,-8.58895705521,0.905037418559,21600,416600,5.18482957273,157.810009602
all_conditions_stacked,Cloud合計（モード別積上げ）,2023-02,20,0,4.33612626762,7.834893437,75,50,0,25,0,16.3043478261,-14.6296296296,2.22408716907,-49000,727500,-6.735395189,-123.002628866
all_conditions_stacked,Cloud合計（モード別積上げ）,2023-03,13,0,15.3622926305,2.57862019089,69.2307692308,30.7692307692,30.7692307692,30.7692307692,0,61.4876033058,-14.7834274953,1.5246994279,121500.006104,613400,19.8076306005,556.5068092
all_conditions_stacked,Cloud合計（モード別積上げ）,2023-04,24,0,2.42278860354,-0.90385459865,41.6666666667,20.8333333333,0,16.6666666667,0,19.1950464396,-12.5874125874,0.0267517698135,35066.6625977,642633.337402,5.45671389215,58.6183477575
all_conditions_stacked,Cloud合計（モード別積上げ）,2023-05,40,0,-0.955512515312,-11.1111111111,42.5,25,22.5,57.5,0,29.9163179916,-14.5736434109,-3.45863390776,-4300,1079200,-0.398443291327,-6.61492835602
all_conditions_stacked,Cloud合計（モード別積上げ）,2023-06,15,0,55.7891828534,54.3933054393,100,66.6666666667,66.6666666667,0,0,106.403940887,6.5703022339,43.135493345,198000,601500,32.9177057357,1001.91209476
all_conditions_stacked,Cloud合計（モード別積上げ）,2023-07,10,0,-3.86060272465,-3.86060272465,50,50,0,50,0,10.650887574,-18.3720930233,-10.0798128526,-21500,384000,-5.59895833333,-204.497753906
all_conditions_stacked,Cloud合計（モード別積上げ）,2023-08,19,0,-7.49832111374,-5.84795321637,26.3157894737,0,0,26.3157894737,26.3157894737,2.88624787776,-25.5319148936,-9.44542779965,-20500,294500,-6.96095076401,-97.785963824
all_conditions_stacked,Cloud合計（モード別積上げ）,2023-09,10,0,-7.73535855597,-7.73535855597,0,0,0,50,0,-0.566037735849,-14.9046793761,-10.8079246217,-44500,553500,-8.03974706414,-293.645731707
all_conditions_stacked,Cloud合計（モード別積上げ）,2023-10,47,0,6.41473093039,-5.70342205323,48.9361702128,31.914893617,21.2765957447,31.914893617,21.2765957447,80.0838574423,-25.6666666667,1.39183594094,76000,1566500,4.85157995531,61.1035583389
all_conditions_stacked,Cloud合計（モード別積上げ）,2023-12,19,0,-0.628735806786,0,26.3157894737,26.3157894737,26.3157894737,26.3157894737,0,21.5596330275,-19.7513802658,-4.78905496322,38536.661911,627946.671486,6.13693226844,131.851087297
all_conditions_stacked,Cloud合計（モード別積上げ）,2024-01,10,0,-3.92254824482,-3.92254824482,50,0,0,0,0,2.03442158266,-9.87951807229,-6.47553531373,-39700.0045776,478900.001526,-8.28983179184,-378.474861029
all_conditions_stacked,Cloud合計（モード別積上げ）,2024-02,10,0,8.52947973344,8.52947973344,100,50,0,0,0,12.2291021672,4.82985729967,6.94392726182,61500,778500,7.89980732177,360.668171965
all_conditions_stacked,Cloud合計（モード別積上げ）,2024-03,33,0,0.579243156117,4.89913544669,51.5151515152,15.1515151515,0,21.2121212121,0,19.4366197183,-14.5161290323,-1.09150760906,-4800,447700,-1.07214652669,-13.0531159258
all_conditions_stacked,Cloud合計（モード別積上げ）,2024-04,35,0,-1.65407962234,5.24691358025,60,17.1428571429,5.71428571429,40,14.2857142857,53.0864197531,-41.9230769231,-5.4520508215,-97200,785800,-12.3695596844,-180.715556121
all_conditions_stacked,Cloud合計（モード別積上げ）,2024-05,33,0,28.8588570262,15.242881072,81.8181818182,66.6666666667,36.3636363636,3.0303030303,0,111.111111111,-12.8378378378,20.6336316177,80600,331500,24.3137254902,386.104603581
all_conditions_stacked,Cloud合計（モード別積上げ）,2024-06,23,0,22.9759968459,5.30303030303,73.9130434783,21.7391304348,21.7391304348,0,0,91.5697674419,-1.16009280742,12.6869312565,332475,687500,48.36,841.1013
all_conditions_stacked,Cloud合計（モード別積上げ）,2024-07,35,0,7.12043280475,-0.645161290323,40,22.8571428571,20,48.5714285714,5.71428571429,91.1428615025,-52.3703681098,-0.75666988566,33100.003052,845500,3.91484364897,54.9948954407
all_conditions_stacked,Cloud合計（モード別積上げ）,2024-08,21,0,9.97683415585,6.00315955766,80.9523809524,42.8571428571,14.2857142857,9.52380952381,0,76.2962962963,-12.5567322239,4.29765810981,62210.0013733,601800.003052,10.337321545,209.7571758
all_conditions_stacked,Cloud合計（モード別積上げ）,2024-09,40,0,-5.99579774093,-7.01492537314,17.5,17.5,12.5,35,25,22.2222222222,-23.6363636364,-8.28374530551,-170153.323364,761479.998779,-22.3450811101,-247.314342041
all_conditions_stacked,Cloud合計（モード別積上げ）,2024-10,60,0,4.81703529563,1.38888888889,56.6666666667,23.3333333333,23.3333333333,28.3333333333,1.66666666667,51.5527950311,-21.0053859964,2.35725846745,12733.3251954,1257200,1.01283210272,10.5694094079
all_conditions_stacked,Cloud合計（モード別積上げ）,2024-11,13,0,2.62363258003,8.91938392966,53.8461538462,38.4615384615,38.4615384615,38.4615384615,38.4615384615,30.7456567977,-26.2711864407,-5.81297468527,14059.9990845,221540.000916,6.34648326548,165.571815292
all_conditions_stacked,Cloud合計（モード別積上げ）,2024-12,15,0,31.6026676025,11.6883116883,66.6666666667,66.6666666667,33.3333333333,33.3333333333,33.3333333333,105.405405405,-22.2857142857,13.1519831519,165000,166500,99.0990990991,1005.4222973
all_conditions_stacked,Cloud合計（モード別積上げ）,2025-01,30,0,2.76317896731,1.72965527438,50,16.6666666667,0,0,0,17.0520231214,-8.70004917236,1.17552961686,26299.987793,916900.009155,2.86835942092,61.6262803409
all_conditions_stacked,Cloud合計（モード別積上げ）,2025-02,26,0,-2.47406340838,-0.40891513234,50,3.84615384615,3.84615384615,26.9230769231,0,21.8784530387,-17.731629393,-4.25410076384,-84239.9932861,1267200,-6.64772674291,-80.9344111632
all_conditions_stacked,Cloud合計（モード別積上げ）,2025-03,14,0,11.127474531,22.8070175439,71.4285714286,71.4285714286,71.4285714286,28.5714285714,28.5714285714,30.8851224105,-28.1690140845,5.73902510932,169000,531000,31.8267419962,374.983187534
all_conditions_stacked,Cloud合計（モード別積上げ）,2025-04,5,0,31.1827956989,31.1827956989,100,100,100,0,0,31.1827956989,31.1827956989,31.1827956989,14500,46500,31.1827956989,1627.04032258
all_conditions_stacked,Cloud合計（モード別積上げ）,2025-05,30,0,0.79866885399,2.56477968142,50,50,0,33.3333333333,0,15.7480314961,-16.2337662338,-0.862371439578,-3150.00152585,244049.999237,-1.29071974419,-27.7309238922
all_conditions_stacked,Cloud合計（モード別積上げ）,2025-06,13,0,39.15470743,27.6041666667,76.9230769231,76.9230769231,76.9230769231,23.0769230769,0,82.8571428571,-19.6610169492,26.0439768019,33080.0003052,113500,29.1453747182,591.396084751
all_conditions_stacked,Cloud合計（モード別積上げ）,2025-07,23,0,-2.68023928579,-10.4575163399,26.0869565217,26.0869565217,4.34782608696,52.1739130435,0,24.4680851064,-14.450867052,-6.13901276731,-13000.0030518,156500,-8.30671121518,-116.690921962
all_conditions_stacked,Cloud合計（モード別積上げ）,2025-08,3,0,-4.7660063164,-10.8527131783,33.3333333333,0,0,66.6666666667,0,7.40740740741,-10.8527131783,,-6800,99000,-6.86868686869,-358.390909091
all_conditions_stacked,Cloud合計（モード別積上げ）,2025-09,5,0,-19.8335644938,-19.8335644938,0,0,0,100,0,-19.8335644938,-19.8335644938,-19.8335644938,-35750,180250,-19.8335644938,-1034.86581137
all_conditions_stacked,Cloud合計（モード別積上げ）,2025-10,22,0,12.3482578194,-7.29411764706,22.7272727273,22.7272727273,22.7272727273,22.7272727273,0,84.1176470588,-19.0298507463,1.01624899211,236066.668701,562000,42.0047453205,383.547954818
all_conditions_stacked,Cloud合計（モード別積上げ）,2025-11,9,0,79.7435897436,130,100,100,55.5555555556,0,0,130,16.9230769231,54.6153846154,43400,56000,77.5,2830.629375
all_conditions_stacked,Cloud合計（モード別積上げ）,2025-12,23,0,-8.97074676196,-13.3333333333,34.7826086957,34.7826086957,8.69565217391,65.2173913043,43.4782608696,31.3627254509,-39.8692810458,-14.4418786332,90700,776600,11.679114087,177.737867789
all_conditions_stacked,Cloud合計（モード別積上げ）,2026-01,8,0,7.13450389449,3,87.5,25,25,0,0,24.907063197,-7.7380952381,0.85238095238,30000,150000,20,521.775
all_conditions_stacked,Cloud合計（モード別積上げ）,2026-02,15,0,15.5534538321,2.9689608637,66.6666666667,33.3333333333,33.3333333333,0,0,51.1475409836,-7.45614035088,6.65493204428,150000,533000,28.1425891182,411.15478424
all_conditions_stacked,Cloud合計（モード別積上げ）,2026-03,54,0,12.9048823839,11.2466843501,59.2592592593,59.2592592593,38.8888888889,14.8148148148,0,43.216080402,-18.4705882353,11.1218707357,381750,1154200,33.0748570438,345.152670681
all_conditions_stacked,Cloud合計（モード別積上げ）,2026-04,34,0,-7.53339620387,-11.2244897959,20.5882352941,20.5882352941,8.82352941176,61.7647058824,29.4117647059,32.5925925926,-25.9212198221,-11.0028573724,-168800,896000,-18.8392857143,-191.136328125
all_conditions_stacked,Cloud合計（モード別積上げ）,2026-05,35,0,-4.73419907142,-2.93103448276,28.5714285714,0,0,42.8571428571,14.2857142857,8.74848116646,-23.3590733591,-5.99820034372,-54500,862000,-6.32250580046,-72.1639945258
all_conditions_stacked,Cloud合計（モード別積上げ）,2026-06,24,0,-11.3647807028,-11.5384615385,20.8333333333,0,0,58.3333333333,16.6666666667,9.23566878981,-29.7085201794,-14.3077020589,-130000,552800,-23.516642547,-277.07346179
all_conditions_stacked,Cloud合計（モード別積上げ）,2026-08,5,0,-0.210526315789,-0.210526315789,0,0,0,0,0,-0.210526315789,-0.210526315789,-0.210526315789,-500,237500,-0.210526315789,-9.61164473684
all_conditions_stacked,Cloud合計（モード別積上げ）,2026-09,9,0,39.5487823099,38.1443298969,100,100,100,0,0,41.3043478261,38.1443298969,38.6709995518,306600,779400,39.337952271,1795.98650404
all_conditions_unique,Cloud合計（銘柄均等）,2023-01,3,0,7.2586761858,5.6338028169,66.6666666667,33.3333333333,33.3333333333,0,0,24.7311827957,-8.58895705521,,5700,88900,6.41169853768,195.152066929
all_conditions_unique,Cloud合計（銘柄均等）,2023-02,4,0,4.33612626762,7.834893437,75,50,0,25,0,16.3043478261,-14.6296296296,-14.6296296296,-9800,145500,-6.735395189,-123.002628866
all_conditions_unique,Cloud合計（銘柄均等）,2023-03,3,0,16.4275986671,2.57862019089,66.6666666667,33.3333333333,33.3333333333,33.3333333333,0,61.4876033058,-14.7834274953,,30170.0012207,145400,20.7496569606,582.973583264
all_conditions_unique,Cloud合計（銘柄均等）,2023-04,7,0,0.150558698329,-0.974025974026,28.5714285714,14.2857142857,0,14.2857142857,0,19.1950464396,-12.5874125874,-6.07511483026,2633.33129883,234966.668701,1.12072546859,12.03931094
all_conditions_unique,Cloud合計（銘柄均等）,2023-05,11,0,-1.00323254039,-11.1111111111,45.4545454545,27.2727272727,18.1818181818,54.5454545455,0,29.9163179916,-14.5736434109,-9.21911341774,-2400,253200,-0.947867298578,-15.7364282637
all_conditions_unique,Cloud合計（銘柄均等）,2023-06,3,0,55.7891828534,54.3933054393,100,66.6666666667,66.6666666667,0,0,106.403940887,6.5703022339,,39600,120300,32.9177057357,1001.91209476
all_conditions_unique,Cloud合計（銘柄均等）,2023-07,2,0,-3.86060272465,-3.86060272465,50,50,0,50,0,10.650887574,-18.3720930233,,-4300,76800,-5.59895833333,-204.497753906
all_conditions_unique,Cloud合計（銘柄均等）,2023-08,4,0,-7.12340505805,-2.92397660818,25,0,0,25,25,2.88624787776,-25.5319148936,-25.5319148936,-4100,58900,-6.96095076401,-97.785963824
all_conditions_unique,Cloud合計（銘柄均等）,2023-09,2,0,-7.73535855597,-7.73535855597,0,0,0,50,0,-0.566037735849,-14.9046793761,,-8900,110700,-8.03974706414,-293.645731707
all_conditions_unique,Cloud合計（銘柄均等）,2023-10,10,0,5.9753251015,-2.36908554399,50,30,20,30,20,80.0838574423,-25.6666666667,-10.1783317839,15200,313300,4.85157995531,61.1035583389
all_conditions_unique,Cloud合計（銘柄均等）,2023-12,4,0,-0.859639568165,-2.62340551718,25,25,25,25,0,21.5596330275,-19.7513802658,-19.7513802658,7403.33213806,131383.334541,5.63490960548,121.06520421
all_conditions_unique,Cloud合計（銘柄均等）,2024-01,2,0,-3.92254824482,-3.92254824482,50,0,0,0,0,2.03442158266,-9.87951807229,,-7940.00091553,95780.0003052,-8.28983179184,-378.474861029
all_conditions_unique,Cloud合計（銘柄均等）,2024-02,2,0,8.52947973344,8.52947973344,100,50,0,0,0,12.2291021672,4.82985729967,,12300,155700,7.89980732177,360.668171965
all_conditions_unique,Cloud合計（銘柄均等）,2024-03,14,0,0.781867924446,0.501515775295,50,21.4285714286,0,21.4285714286,0,19.4366197183,-14.5161290323,-3.06146030212,5400,244300,2.2103970528,26.9110315186
all_conditions_unique,Cloud合計（銘柄均等）,2024-04,9,0,1.10251359682,5.24691358025,55.5555555556,22.2222222222,11.1111111111,44.4444444444,11.1111111111,53.0864197531,-41.9230769231,-10.205418173,-21000,201400,-10.4270109235,-152.33550149
all_conditions_unique,Cloud合計（銘柄均等）,2024-05,8,0,26.5788273169,13.871440536,75,62.5,37.5,12.5,0,111.111111111,-12.8378378378,2.59653894987,15800,73500,21.4965986395,341.368322981
all_conditions_unique,Cloud合計（銘柄均等）,2024-06,6,0,17.9905549045,3.88877861586,66.6666666667,16.6666666667,16.6666666667,0,0,91.5697674419,-1.16009280742,0.438144707087,67675,137500,49.2181818182,856.027227273
all_conditions_unique,Cloud合計（銘柄均等）,2024-07,10,0,4.43384931429,0.0256765430185,50,30,20,40,10,91.1428615025,-52.3703681098,-12.18930404,13930.0003052,264200,5.27252093309,74.0672587271
all_conditions_unique,Cloud合計（銘柄均等）,2024-08,10,0,12.244595634,4.98062603347,70,40,20,10,0,76.2962962963,-12.5567322239,0.409166171161,24250.0007629,238060.00061,10.1865078975,206.696978375
all_conditions_unique,Cloud合計（銘柄均等）,2024-09,14,0,-4.79286176912,-7.01492537314,21.4285714286,21.4285714286,14.2857142857,35.7142857143,14.2857142857,22.2222222222,-23.6363636364,-11.6296614176,-54296.6621399,294119.999695,-18.460717461,-204.322381735
all_conditions_unique,Cloud合計（銘柄均等）,2024-10,15,0,4.93132783811,1.38888888889,53.3333333333,26.6666666667,26.6666666667,33.3333333333,6.66666666667,51.5527950311,-21.0053859964,-4.27746676594,-11300,349100,-3.23689487252,-33.7786164422
all_conditions_unique,Cloud合計（銘柄均等）,2024-11,4,0,1.82248954569,1.40774391288,50,25,25,25,25,30.7456567977,-26.2711864407,-26.2711864407,300,119900,0.250208507089,6.52762718932
all_conditions_unique,Cloud合計（銘柄均等）,2024-12,3,0,31.6026676025,11.6883116883,66.6666666667,66.6666666667,33.3333333333,33.3333333333,33.3333333333,105.405405405,-22.2857142857,,33000,33300,99.0990990991,1005.4222973
all_conditions_unique,Cloud合計（銘柄均等）,2025-01,6,0,2.76317896731,1.72965527438,50,16.6666666667,0,0,0,17.0520231214,-8.70004917236,-5.20269361034,5259.9975586,183380.001831,2.86835942092,61.6262803409
all_conditions_unique,Cloud合計（銘柄均等）,2025-02,8,0,-0.746526086401,-0.40891513234,50,12.5,12.5,25,0,21.8784530387,-17.731629393,-7.79610201774,-9459.9975586,363400,-2.60319140303,-31.693204534
all_conditions_unique,Cloud合計（銘柄均等）,2025-03,3,0,8.5077086233,22.8070175439,66.6666666667,66.6666666667,66.6666666667,33.3333333333,33.3333333333,30.8851224105,-28.1690140845,,33400,106200,31.450094162,370.545516676
all_conditions_unique,Cloud合計（銘柄均等）,2025-04,1,0,31.1827956989,31.1827956989,100,100,100,0,0,31.1827956989,31.1827956989,,2900,9300,31.1827956989,1627.04032258
all_conditions_unique,Cloud合計（銘柄均等）,2025-05,6,0,0.79866885399,2.56477968142,50,50,0,33.3333333333,0,15.7480314961,-16.2337662338,-13.3810633811,-630.00030517,48809.9998474,-1.29071974419,-27.7309238922
all_conditions_unique,Cloud合計（銘柄均等）,2025-06,4,0,19.7457813837,7.8934998134,50,50,50,50,0,82.8571428571,-19.6610169492,-19.6610169492,1340.00015259,41969.9996948,3.19275711778,64.7850328662
all_conditions_unique,Cloud合計（銘柄均等）,2025-07,6,0,-0.237525476785,-8.63785212421,33.3333333333,33.3333333333,16.6666666667,50,0,24.4680851064,-14.450867052,-12.4694611306,-2260.00061035,49200,-4.59349717551,-64.5284766203
all_conditions_unique,Cloud合計（銘柄均等）,2025-08,2,0,-1.72265288545,-1.72265288545,50,0,0,50,0,7.40740740741,-10.8527131783,,-2600,60300,-4.31177446103,-224.97761194
all_conditions_unique,Cloud合計（銘柄均等）,2025-09,1,0,-19.8335644938,-19.8335644938,0,0,0,100,0,-19.8335644938,-19.8335644938,,-7150,36050,-19.8335644938,-1034.86581137
all_conditions_unique,Cloud合計（銘柄均等）,2025-10,7,0,3.23910086069,-7.97265847357,14.2857142857,14.2857142857,14.2857142857,28.5714285714,0,84.1176470588,-19.0298507463,-12.6433213689,39566.6687012,138666.665649,28.5336555227,260.542591931
all_conditions_unique,Cloud合計（銘柄均等）,2025-11,2,0,73.4615384616,73.4615384616,100,100,50,0,0,130,16.9230769231,,8900,12500,71.2,2600.5266
all_conditions_unique,Cloud合計（銘柄均等）,2025-12,6,0,-2.00320473432,-0.1488095238,50,50,16.6666666667,50,33.3333333333,31.3627254509,-39.8692810458,-25.4008714597,48600,304800,15.9448818898,242.656188484
all_conditions_unique,Cloud合計（銘柄均等）,2026-01,3,0,6.72298931963,3,66.6666666667,33.3333333333,33.3333333333,0,0,24.907063197,-7.7380952381,,13000,70600,18.4135977337,480.387747875
all_conditions_unique,Cloud合計（銘柄均等）,2026-02,3,0,15.5534538321,2.9689608637,66.6666666667,33.3333333333,33.3333333333,0,0,51.1475409836,-7.45614035088,,30000,106600,28.1425891182,411.15478424
all_conditions_unique,Cloud合計（銘柄均等）,2026-03,14,0,11.0894998486,11.2466843501,57.1428571429,57.1428571429,35.7142857143,21.4285714286,0,43.216080402,-18.4705882353,2.6724067807,82750,322900,25.6271291421,267.431906163
all_conditions_unique,Cloud合計（銘柄均等）,2026-04,11,0,-0.537209272171,-2.88739172281,36.3636363636,36.3636363636,18.1818181818,45.4545454545,18.1818181818,32.5925925926,-25.9212198221,-9.53128443631,-8650,237850,-3.63674584822,-36.8970595964
all_conditions_unique,Cloud合計（銘柄均等）,2026-05,7,0,-4.73419907142,-2.93103448276,28.5714285714,0,0,42.8571428571,14.2857142857,8.74848116646,-23.3590733591,-12.2351739487,-10900,172400,-6.32250580046,-72.1639945258
all_conditions_unique,Cloud合計（銘柄均等）,2026-06,5,0,-12.0985302819,-11.5384615385,20,0,0,60,20,9.23566878981,-29.7085201794,-24.1399743754,-31300,128400,-24.3769470405,-287.209583208
all_conditions_unique,Cloud合計（銘柄均等）,2026-08,1,0,-0.210526315789,-0.210526315789,0,0,0,0,0,-0.210526315789,-0.210526315789,,-100,47500,-0.210526315789,-9.61164473684
all_conditions_unique,Cloud合計（銘柄均等）,2026-09,2,0,39.7243388615,39.7243388615,100,100,100,0,0,41.3043478261,38.1443298969,,67400,170600,39.5076201641,1803.73274472
