date,open,high,low,close,volume,symbol,ret1,ret2,ret3,ret5,ret10,ret20,ret40,ma5_gap,volr5,ma10_gap,volr10,ma20_gap,volr20,ma40_gap,volr40,rsi14,atr14p,body_pct,lower_wick,upper_wick,range_pct,gap,pos10,dd10,bounce10,pos20,dd20,bounce20,pos40,dd40,bounce40,pos60,dd60,bounce60,stoch14,bbpct,bbwidth,volz20,log_dv,down3,down5,target5_cc,next_open,target5_no,target_end_date,prev_close,prev_volume,breadth_ret1_pos,med_ret1,med_ret5,breadth_ma20,future_rank,y_top1,y_top025,y_hit20,y_loss10,tail_p,tail_cdf,model_period
2022-06-09,412.0,479.0,401.0,441.0,1682400.0,6696,0.050000000000000044,0.2970588235294118,0.3738317757009346,0.4898648648648649,0.53125,0.558303886925795,0.4411764705882353,0.20491803278688514,2.9541703248463564,0.33555420956995774,5.832351105872565,0.4274154393914873,11.42197630605248,0.4663341645885286,21.87278577696883,95.75757575757575,0.051992225461613216,0.3717948717948718,0.14102564102564102,0.48717948717948717,0.17687074829931973,-0.01904761904761909,0.8071065989847716,-0.07933194154488521,0.5638297872340425,0.8109452736318408,-0.07933194154488521,0.5863309352517985,0.812807881773399,-0.07933194154488521,0.5978260869565217,0.8173076923076923,-0.07933194154488521,0.6273062730627306,80.71065989847716,1.272183140038741,0.5535156327941112,3.731187389778704,20.424776780165296,0.0,0.0,-0.2970521541950113,433.0,-0.2840646651270208,2022-06-16,420.0,985900.0,0.4740740740740741,0.0,0.013102624630284554,0.8148148148148148,0.000819672131147541,0,0,0,1,0.815074,0.9996305600709324,2022-06
2022-06-01,26.0,29.0,26.0,26.0,3263400.0,2134,0.040000000000000036,0.0,0.0,0.0,0.0,-0.03703703703703709,-0.10344827586206895,0.007751937984496138,3.1568255687974,0.007751937984496138,4.66473220028874,-0.003831417624521105,5.550377576705898,-0.05797101449275366,4.07741516317657,50.0,0.06868131868131869,0.0,0.0,1.0,0.11538461538461539,0.040000000000000036,0.25,-0.10344827586206895,0.040000000000000036,0.25,-0.10344827586206895,0.040000000000000036,0.14285714285714285,-0.1875,0.040000000000000036,0.3333333333333333,-0.1875,0.13043478260869557,25.0,0.453576165455735,0.08253126141202127,4.099761056304874,18.256376704446314,1.0,1.0,0.03846153846153855,27.0,0.0,2022-06-08,25.0,610800.0,0.7107291049199763,0.00907715582450841,0.027250778868365577,0.7368109069353883,0.2792904290429043,0,0,0,0,0.79978794,0.9993842667848875,2022-06
2022-06-15,470.0,540.0,434.0,465.0,3387000.0,4222,0.010869565217391353,0.14532019704433496,0.1923076923076923,0.17721518987341778,0.24331550802139046,0.25336927223719674,0.4220183486238531,0.09877126654064283,3.2035639294024176,0.1607588617074387,6.252538305335056,0.21030713170223847,12.201008645533141,0.27188183807439814,23.067100267311393,82.58064516129032,0.06113671274961597,-0.04716981132075472,0.29245283018867924,0.660377358490566,0.22795698924731184,0.021739130434782705,0.5786516853932584,-0.13888888888888884,0.2845303867403315,0.5967741935483871,-0.13888888888888884,0.31355932203389836,0.6495327102803738,-0.13888888888888884,0.4263803680981595,0.6575342465753424,-0.13888888888888884,0.44859813084112155,57.86516853932584,1.1940556316627193,0.30301192311978614,3.9978220385850562,21.177492538022204,0.0,1.0,0.08387096774193559,452.0,0.11504424778761058,2022-06-22,460.0,1382200.0,0.176,-0.01024140453547917,-0.03743904450045937,0.30637037037037035,0.9833465503568596,0,0,0,0,0.7993279,0.999359637456283,2022-06
2022-06-17,535.0,590.0,502.0,550.0,3416300.0,4222,0.00917431192660545,0.18279569892473124,0.19565217391304346,0.41025641025641035,0.4824797843665769,0.5027322404371584,0.6129032258064515,0.1335531739488871,1.568419506193244,0.26002290950744555,3.1012727173695964,0.3678189505098233,6.133007800227992,0.46373918829008653,11.934464026829225,87.94642857142857,0.0735064935064935,0.17045454545454544,0.375,0.45454545454545453,0.16,-0.01834862385321101,0.8198198198198198,-0.06779661016949157,0.49456521739130443,0.8305084745762712,-0.06779661016949157,0.5536723163841808,0.8473282442748091,-0.06779661016949157,0.6768292682926829,0.8513011152416357,-0.06779661016949157,0.7133956386292835,82.45614035087719,1.1568531788588756,0.5599713335464408,2.6116190069259,21.353986930807245,0.0,0.0,-0.17818181818181822,550.0,-0.17818181818181822,2022-06-24,545.0,2206400.0,0.19525925925925927,-0.010948905109489093,-0.03514376996805113,0.22725925925925927,0.0008130081300813008,0,0,0,1,0.84969836,0.9998768533569775,2022-06
2022-06-16,300.0,326.0,247.0,260.0,17618500.0,4814,-0.08127208480565373,0.28078817733990147,0.6993464052287581,0.6455696202531647,0.6666666666666667,0.7105263157894737,0.5950920245398772,0.2310606060606062,3.15043630641585,0.41458106637649617,6.277323110140414,0.5389168393015686,12.476410000389478,0.5931372549019609,24.379899400136992,82.03592814371258,0.0642857142857143,-0.5063291139240507,0.16455696202531644,0.3291139240506329,0.3038461538461538,0.060070671378091856,0.6184971098265896,-0.2024539877300614,0.6993464052287581,0.6228571428571429,-0.2024539877300614,0.7218543046357615,0.6271186440677966,-0.2024539877300614,0.7449664429530201,0.6271186440677966,-0.2024539877300614,0.7449664429530201,61.84971098265896,1.1328907791842455,0.8515163390375144,3.763460301581809,22.245141675548844,1.0,3.0,-0.18846153846153846,252.0,-0.16269841269841268,2022-06-23,283.0,10012900.0,0.5374814814814814,0.001768867924528239,-0.032832692979392286,0.33985185185185185,0.0007936507936507937,0,0,0,1,0.78981787,0.9993350081276784,2022-06
2022-06-17,261.0,293.0,260.0,271.0,3718200.0,6046,0.03041825095057038,0.06274509803921569,0.2098214285714286,0.24311926605504586,0.40414507772020736,0.47282608695652173,0.29047619047619055,0.10342019543973935,1.9578747827918488,0.18703460359176516,3.7683186378838553,0.2975819966483122,7.388228748559393,0.3321863094506574,13.743750866330915,92.3076923076923,0.06826568265682657,0.30303030303030304,0.030303030303030304,0.6666666666666666,0.12177121771217712,-0.0076045627376425395,0.7619047619047619,-0.08445945945945943,0.418848167539267,0.782608695652174,-0.08445945945945943,0.49723756906077354,0.7844827586206896,-0.08445945945945943,0.5055555555555555,0.7844827586206896,-0.08445945945945943,0.5055555555555555,76.41509433962264,1.09811508453533,0.4975330071795479,2.9059844547783036,20.73086906005038,0.0,1.0,-0.03321033210332103,274.0,-0.04379562043795615,2022-06-24,263.0,3373100.0,0.19525925925925927,-0.010948905109489093,-0.03514376996805113,0.22725925925925927,0.044715447154471545,0,0,0,0,0.84584206,0.9998768533569775,2022-06
2022-06-30,143.0,185.0,142.0,168.0,4427400.0,6181,0.1914893617021276,0.23529411764705888,0.21739130434782616,0.25373134328358216,0.5,0.5700934579439252,0.7142857142857142,0.16504854368932054,3.31055213255967,0.24629080118694358,2.1938130843900048,0.3736713000817662,3.330036441312188,0.5057136455299125,6.199429401571771,80.85106382978724,0.10076530612244897,0.5813953488372093,0.023255813953488372,0.3953488372093023,0.25595238095238093,0.014184397163120588,0.782051282051282,-0.09189189189189184,0.5700934579439252,0.8111111111111111,-0.09189189189189184,0.7684210526315789,0.8111111111111111,-0.09189189189189184,0.7684210526315789,0.8229166666666666,-0.09189189189189184,0.8876404494382022,81.11111111111111,1.2030136962859024,0.5315277668926113,1.7815351815391491,20.427287043022215,1.0,1.0,-0.17261904761904767,183.0,-0.2404371584699454,2022-07-07,141.0,250100.0,0.26853766617429836,-0.007416574990832425,0.010862485604787753,0.4531757754800591,0.0007974481658692185,0,0,0,1,0.7976911,0.9993350081276784,2022-06
2022-07-25,378.0,430.0,367.75,376.0,3978000.0,7080,-0.06467661691542292,0.13082706766917296,0.4601941747572815,0.6120042872454448,0.47740667976424356,0.184251968503937,0.5191919191919192,0.1691542288557213,2.345850827947351,0.31918252784843437,4.225441876274643,0.2963840882644484,6.267132999338312,0.26264534273601137,5.154786124321312,70.23809523809524,0.08292173252279635,-0.0321285140562249,0.13253012048192772,0.8353413654618473,0.16555851063829788,-0.05970149253731338,0.7262357414448669,-0.12558139534883717,0.6154672395273899,0.7262357414448669,-0.12558139534883717,0.6154672395273899,0.7349693251533742,-0.12558139534883717,0.6618784530386741,0.8102766798418972,-0.12558139534883717,1.5864144453998281,72.6235741444867,0.943643945581473,0.6680674699076198,2.956788725535596,21.12587888245452,1.0,1.0,-0.04521276595744683,365.25,-0.017111567419575646,2022-08-01,402.0,4034000.0,0.3821618428824572,-0.0016340043787045344,0.020302461765876356,0.7424689899586533,0.16050420168067228,0,0,0,0,0.8409337,0.9994816964814596,2022-07
2022-07-01,661.5,757.0,608.0,626.5,5735600.0,7359,-0.10179211469534055,0.06457094307561606,0.2296368989205102,0.2971014492753623,0.2656565656565657,0.30385015608740895,0.9486780715396579,0.06565742473209735,1.2159010930305523,0.12507856693903197,1.5688612927049428,0.18627218934911238,1.690027962838007,0.4422191528545121,2.3863532348658207,62.03389830508474,0.12490023942537909,-0.2348993288590604,0.12416107382550336,0.6409395973154363,0.237829209896249,-0.05161290322580647,0.5484429065743944,-0.1723910171730515,0.3386752136752136,0.6308345120226309,-0.1723910171730515,0.5526641883519208,0.7368951612903226,-0.1723910171730515,1.4003831417624522,0.7368951612903226,-0.1723910171730515,1.4003831417624522,63.083451202263085,0.8773353976350312,0.49365151140492747,0.7119947063382761,22.002351698437437,1.0,2.0,-0.059856344772545866,596.5,-0.012573344509639539,2022-07-08,697.5,10512400.0,0.193205317577548,-0.0091324200913242,-0.005056890012642201,0.35775480059084197,0.30919446704637915,0,0,0,0,0.8458229,0.9995113138253762,2022-07
2022-07-12,724.0,872.0,709.5,723.0,12826400.0,7359,-0.021650879566982417,0.2275042444821731,0.23484201537147742,0.2796460176991151,0.41903827281648676,0.6084538375973303,1.6483516483516483,0.13340649004546168,4.102452567071376,0.16181905833199428,3.137051566764824,0.28842555466452824,4.386188689826863,0.470446167535274,4.492751084972906,63.93568147013782,0.12502469867615096,-0.006153846153846154,0.08307692307692308,0.9107692307692308,0.22475795297372061,-0.020297699594046037,0.5518796992481203,-0.17087155963302747,0.340129749768304,0.6819637139807898,-0.17087155963302747,0.79182156133829,0.7489469250210615,-0.17087155963302747,1.5960502692998206,0.7561374795417348,-0.17087155963302747,1.7701149425287355,63.118811881188115,0.982822428365667,0.5973739779256655,2.8724205178222184,22.950425327123362,1.0,2.0,-0.0864453665283541,708.0,-0.067090395480226,2022-07-20,739.0,1090400.0,0.1559362079149439,-0.012186870853823584,-0.0020000000000000018,0.5265800354400473,0.015754560530679935,0,0,0,0,0.82976,0.9992447577301268,2022-07
2022-07-15,673.0,783.0,661.0,783.0,8551200.0,7707,0.14641288433382127,0.2773246329526917,0.2773246329526917,0.36173913043478256,0.6695095948827292,1.15702479338843,1.0605263157894735,0.19615032080659933,2.161806865238473,0.33686187467987017,2.686370233540045,0.5023023791250958,3.9677796544108093,0.7282860611411544,7.554730983302412,80.30303030303031,0.08137201240649516,0.9016393442622951,0.09836065573770492,0.0,0.1558109833971903,-0.014641288433382083,1.0,0.0,0.6766595289079229,1.0,0.0,1.1689750692520775,1.0,0.0,1.1749999999999998,1.0,0.0,1.1749999999999998,100.0,1.135920806319126,0.7898819697888985,2.9424349904628566,22.624714878082028,0.0,0.0,0.056194125159642505,802.0,0.0311720698254363,2022-07-25,683.0,3975200.0,0.34701712935617246,-0.002219758561221974,0.0,0.5543414057885411,0.6933216168717048,0,0,0,0,0.82058924,0.9990374363227106,2022-07
2022-07-19,802.0,897.0,768.0,847.0,14041200.0,7707,0.08173690932311617,0.24011713030746695,0.3817292006525286,0.45783132530120474,0.7794117647058822,1.3333333333333335,1.1607142857142856,0.19666572478101174,2.229349320614638,0.3599871547848428,3.091576833650391,0.5529886321965531,4.922997091682984,0.8237605641384507,9.48644800381047,83.4061135371179,0.07994602799797604,0.3488372093023256,0.26356589147286824,0.3875968992248062,0.15230224321133412,0.024265644955300036,0.8826291079812206,-0.055741360089186176,0.7983014861995754,0.905123339658444,-0.055741360089186176,1.2891891891891891,0.9068901303538175,-0.055741360089186176,1.3527777777777779,0.9068901303538175,-0.055741360089186176,1.3527777777777779,88.61047835990888,1.1358141600646918,0.8697331184638738,3.3595711699714985,23.199207117731188,0.0,0.0,-0.1192443919716647,825.0,-0.09575757575757571,2022-07-26,783.0,8551200.0,0.5685174246898996,0.0027472839908261326,-0.005272539452630787,0.5950974601299468,0.011844331641285956,0,0,0,0,0.88683003,0.9999111479682502,2022-07
2022-07-25,811.0,870.0,804.0,827.0,7054300.0,7707,0.11907983761840324,0.05484693877551017,0.14542936288088648,0.056194125159642505,0.4382608695652175,0.7861771058315334,1.2231182795698925,0.05511610104618536,1.024110728170703,0.1498887652947718,1.3010752688172043,0.33743025794452985,1.857320953475483,0.6427471818046382,3.565046443696494,75.25179856115108,0.1003627569528416,0.24242424242424243,0.10606060606060606,0.6515151515151515,0.07980652962515115,0.09742895805142093,0.7916666666666666,-0.07803790412486067,0.4741532976827094,0.8405466970387244,-0.07803790412486067,0.8056768558951966,0.8696461824953445,-0.07803790412486067,1.297222222222222,0.8696461824953445,-0.07803790412486067,1.297222222222222,83.5680751173709,0.9301277100759429,0.7844885368695578,0.994138482367996,22.486952613130427,1.0,2.0,-0.185006045949214,912.0,-0.26096491228070173,2022-08-01,739.0,2190900.0,0.3821618428824572,-0.0016340043787045344,0.020302461765876356,0.7424689899586533,0.0016806722689075631,0,0,0,1,0.82127446,0.9990374363227106,2022-07
2022-07-25,852.0,947.0,734.0,764.0,18118500.0,7727,0.2691029900332227,0.5219123505976095,0.8104265402843602,0.9244332493702772,1.2274052478134112,1.6075085324232083,1.4100946372239749,0.42643764002987306,4.525845918657921,0.6761737604212374,8.032781070860137,0.9833852544132919,14.806264581741514,1.1928817451205513,28.51959704076814,95.28487229862475,0.07442034405385191,-0.4131455399061033,0.14084507042253522,0.4460093896713615,0.2787958115183246,0.415282392026578,0.6970198675496688,-0.19324181626187964,1.2274052478134112,0.7218844984802432,-0.19324181626187964,1.643598615916955,0.7227272727272728,-0.19324181626187964,1.6620209059233448,0.7227272727272728,-0.19324181626187964,1.6620209059233448,71.75925925925925,1.3299306780968647,1.1849004746617124,4.345335976140637,23.351011862934342,0.0,1.0,-0.34685863874345546,746.0,-0.33109919571045576,2022-08-01,602.0,189200.0,0.3821618428824572,-0.0016340043787045344,0.020302461765876356,0.7424689899586533,0.0008403361344537816,0,0,0,1,0.8474172,0.9995409311692928,2022-07
2022-07-01,596.0,633.0,566.0,603.0,2574200.0,1711,0.03786574870912229,0.18934911242603558,0.191699604743083,0.44951923076923084,0.47073170731707314,0.49257425742574257,0.4425837320574162,0.13218174990612086,1.5361204931434913,0.2740333826325798,2.659682185440043,0.351563375546341,4.7864932456931415,0.4347748498007258,8.374377826214255,80.06756756756756,0.06965174129353234,0.1044776119402985,0.44776119402985076,0.44776119402985076,0.1111111111111111,0.025817555938037806,0.8804780876494024,-0.04739336492891,0.5785340314136125,0.8804780876494024,-0.04739336492891,0.5785340314136125,0.8932384341637011,-0.04739336492891,0.7130681818181819,0.8932384341637011,-0.04739336492891,0.7130681818181819,88.04780876494024,1.1817320639348257,0.5156914191730769,2.4379803086433296,21.16296656156883,0.0,0.0,-0.08789386401326704,663.0,-0.17043740573152333,2022-07-08,581.0,3205800.0,0.193205317577548,-0.0091324200913242,-0.005056890012642201,0.35775480059084197,0.0024410089503661514,0,0,0,1,0.8495601,0.9995853571851676,2022-07
2022-07-04,663.0,703.0,603.0,641.0,3969600.0,1711,0.06301824212271967,0.10327022375215145,0.26429980276134124,0.3755364806866952,0.635204081632653,0.6025,0.5520581113801453,0.12931642001409438,1.7147300215982721,0.2866318747490968,2.9418608959869568,0.39895242252291574,5.415515583113349,0.5047831445507365,9.791991711736157,85.66978193146417,0.07432583017606419,-0.22,0.38,0.4,0.15600624024961,0.09950248756218905,0.7967213114754098,-0.08819345661450928,0.6105527638190955,0.8068535825545171,-0.08819345661450928,0.6780104712041886,0.8233618233618234,-0.08819345661450928,0.8210227272727273,0.8233618233618234,-0.08819345661450928,0.8210227272727273,80.68535825545172,1.1492197771444552,0.6145105811127294,2.9097167483769457,21.657205349233347,0.0,0.0,-0.13572542901716067,594.0,-0.06734006734006737,2022-07-11,603.0,2574200.0,0.6729689807976367,0.006849315068493178,-0.0029476787030213725,0.4673559822747415,0.018153117600631413,0,0,0,0,0.8495473,0.9995853571851676,2022-07
2022-07-12,133.0,158.0,120.0,124.0,15917700.0,2388,-0.03125,-0.08148148148148149,-0.22012578616352196,-0.21019108280254772,0.631578947368421,0.631578947368421,0.6986301369863013,-0.17662682602921642,1.0815829813603823,-0.007205764611689425,1.5405662011716577,0.24497991967871502,3.0640482464836314,0.41876430205949644,6.063625844606659,61.46788990825688,0.1774193548387097,-0.23684210526315788,0.10526315789473684,0.6578947368421053,0.3064516129032258,0.0390625,0.32666666666666666,-0.4488888888888889,0.6533333333333333,0.3355263157894737,-0.4488888888888889,0.6986301369863013,0.3355263157894737,-0.4488888888888889,0.6986301369863013,0.3355263157894737,-0.4488888888888889,0.6986301369863013,33.11258278145695,0.6603022269205633,1.5282377817503003,1.3825318988139113,21.403223821693242,3.0,4.0,-0.056451612903225756,120.0,-0.025000000000000022,2022-07-20,128.0,5011500.0,0.1559362079149439,-0.012186870853823584,-0.0020000000000000018,0.5265800354400473,0.07711442786069651,0,0,0,0,0.85178596,0.999600165857126,2022-07
2022-07-13,632.0,722.0,616.0,722.0,7981100.0,4192,0.16077170418006426,0.3151183970856102,0.2939068100358424,0.2644483362521892,0.9835164835164836,0.8608247422680413,0.5627705627705628,0.20093147039254822,0.9087420780681759,0.36406574721330065,0.9732657100384985,0.6062291434927698,1.9091120025451318,0.5936430857521244,3.6413782405168402,90.9502262443439,0.08982983775227543,0.8490566037735849,0.1509433962264151,0.0,0.14681440443213298,0.016077170418006492,1.0,0.0,0.9889807162534436,1.0,0.0,1.0628571428571427,1.0,0.0,1.0628571428571427,0.9465648854961832,-0.02826379542395696,1.0628571428571427,100.0,1.1374580319516487,0.9510102831973609,0.7400339807044636,22.47461194360419,1.0,2.0,-0.21052631578947367,732.0,-0.2213114754098361,2022-07-21,622.0,7389400.0,0.573833431777909,0.0026593462548502034,0.006053726825576922,0.5694034258712345,0.002548853016142736,0,0,0,1,0.8196751,0.9990226276507522,2022-07
2022-07-14,732.0,826.0,625.0,653.0,11837900.0,4192,-0.09556786703601106,0.04983922829581999,0.18943533697632065,0.17657657657657655,0.779291553133515,0.7320954907161803,0.5080831408775981,0.05186855670103108,1.6287789145785063,0.17046065603154692,1.3326061236459097,0.40945391754802496,2.484763952776912,0.4240540835241522,4.7769535667555445,77.84552845528455,0.11813607525705534,-0.39303482587064675,0.13930348258706468,0.46766169154228854,0.30781010719754975,0.013850415512465464,0.6222707423580786,-0.2094430992736077,0.7744565217391304,0.6365546218487395,-0.2094430992736077,0.8657142857142857,0.6365546218487395,-0.2094430992736077,0.8657142857142857,0.6365546218487395,-0.2094430992736077,0.8657142857142857,63.034188034188034,0.9153300528566207,0.9858518899169949,1.33300574302906,22.768393936230055,1.0,2.0,-0.13629402756508424,643.0,-0.12286158631415245,2022-07-22,722.0,7981100.0,0.5558180744240993,0.0018331821084114353,0.004479283314669624,0.6066154754873007,0.008057296329453895,0,0,0,1,0.82905066,0.9992151403862102,2022-07
2022-07-12,249.0,263.0,231.0,239.0,7987100.0,4596,-0.008298755186721962,0.1064814814814814,0.08636363636363642,0.16019417475728148,0.00843881856540074,0.1220657276995305,0.6950354609929077,0.05845881310894585,1.1421335766193728,0.08587005906406175,1.6077158120604351,0.1327014218009479,1.2643167796496144,0.3206243956347563,2.2242086781203487,61.87500000000001,0.12522414823670053,-0.3125,0.25,0.4375,0.13389121338912133,0.03319502074688807,0.5857142857142857,-0.10820895522388063,0.20707070707070696,0.648,-0.15547703180212014,0.5126582278481013,0.696551724137931,-0.15547703180212014,0.7318840579710144,0.6986301369863014,-0.15547703180212014,0.7445255474452555,56.86274509803921,0.8081876818084274,0.430586391455569,0.3180303476103955,21.36980185062208,2.0,2.0,0.17991631799163188,251.0,0.12350597609561742,2022-07-20,241.0,16081700.0,0.1559362079149439,-0.012186870853823584,-0.0020000000000000018,0.5265800354400473,0.9834162520729685,0,0,0,0,0.8252897,0.999111479682502,2022-07
2022-07-19,267.0,322.0,260.0,307.0,26922200.0,4596,0.1853281853281854,0.2379032258064515,0.2429149797570851,0.27385892116182564,0.49029126213592233,0.4549763033175356,1.0884353741496597,0.1807692307692308,2.577816503571497,0.28130217028380633,3.355627570734139,0.3482652613087396,3.5726612890918656,0.5884102962100632,5.741727613330937,74.30555555555556,0.08562121917170777,0.6451612903225806,0.11290322580645161,0.24193548387096775,0.20195439739413681,0.030888030888030826,0.8790322580645161,-0.04658385093167705,0.5505050505050506,0.8936170212765957,-0.04658385093167705,0.6961325966850829,0.9184782608695652,-0.04658385093167705,1.2246376811594204,0.918918918918919,-0.04658385093167705,1.2408759124087592,87.90322580645162,1.2528667995197957,0.4625854952441457,2.9072020448840736,22.83530953073535,0.0,1.0,-0.10749185667752448,303.0,-0.09570957095709576,2022-07-26,259.0,7914200.0,0.5685174246898996,0.0027472839908261326,-0.005272539452630787,0.5950974601299468,0.012690355329949238,0,0,0,0,0.87274116,0.9998667219523754,2022-07
2022-07-01,183.0,195.0,157.0,158.0,3945500.0,6181,-0.059523809523809534,0.12056737588652489,0.16176470588235303,0.14492753623188404,0.38596491228070184,0.4495412844036697,0.5800000000000001,0.06612685560053988,2.0150869773950704,0.13505747126436796,1.826933317281201,0.26653306613226446,2.5968085351446164,0.3979208139792081,4.864816544445164,73.07692307692308,0.12070524412296565,-0.6578947368421053,0.02631578947368421,0.3157894736842105,0.24050632911392406,0.08928571428571419,0.5432098765432098,-0.18974358974358974,0.38596491228070184,0.63,-0.18974358974358974,0.6631578947368422,0.63,-0.18974358974358974,0.6631578947368422,0.6509433962264151,-0.18974358974358974,0.7752808988764044,63.0,0.9698596617727991,0.5672610096525944,1.3436880658336527,20.250681281574327,1.0,2.0,-0.2088607594936709,168.0,-0.25595238095238093,2022-07-08,168.0,4427400.0,0.193205317577548,-0.0091324200913242,-0.005056890012642201,0.35775480059084197,0.0008136696501220504,0,0,0,1,0.82695323,0.9991262883544604,2022-07
2022-08-23,605.5,634.0,572.75,580.5,1062400.0,7080,-0.021903959561920816,0.10571428571428565,0.09065288868013144,0.311864406779661,0.6181184668989548,0.5438829787234043,0.8283464566929133,0.06367384333486026,0.9731076427053564,0.23405612244897966,1.2731892047361104,0.38136172997412165,1.5687664274534125,0.6345781563478934,1.6195615719991463,80.49853372434018,0.07235142118863049,-0.40816326530612246,0.12653061224489795,0.46530612244897956,0.10551248923341947,0.020219039595619215,0.8156761412575366,-0.08438485804416407,0.6887272727272726,0.8156761412575366,-0.08438485804416407,0.6887272727272726,0.8666666666666667,-0.08438485804416407,1.4940923737916219,0.8687921520539547,-0.08438485804416407,1.5657458563535913,81.56761412575366,1.0095186933970839,0.7484744621075454,0.8089376244288776,20.239930860463726,2.0,2.0,0.13608957795004306,575.0,0.14695652173913043,2022-08-30,593.5,1236400.0,0.287820701857859,-0.0040358745499238236,0.0,0.5184311412562665,0.9902912621359223,1,0,0,0,0.8300279,0.9990159847805646,2022-08
2022-08-30,484.2000122070313,560.7999877929688,458.6000061035156,468.0,47341000.0,7138,0.015625026904874995,0.2289916360355546,0.55585112696916,0.7754172578289569,0.8396226856453057,0.6115702818052493,0.6714285714285715,0.20992763026063144,3.3181005782372526,0.45017353326520526,6.5665203309545115,0.5412481552832473,13.101601688172416,0.6006293080843292,26.14459577934405,80.06756136764086,0.07963979811895461,-0.15851286799891004,0.0919764733916233,0.7495106586094666,0.21837602925096822,0.050781304327151666,0.6996764000791482,-0.1654778705651967,0.8586179282285473,0.6996764000791482,-0.1654778705651967,0.8586179282285473,0.6996764000791482,-0.1654778705651967,0.8586179282285473,0.6996764000791482,-0.1654778705651967,0.8586179282285473,69.96764000791482,1.178113565356421,0.7981674205245602,4.217459011078858,23.821355581575173,0.0,1.0,-0.26068376068376065,465.6000061035156,-0.25687286197527515,2022-09-06,460.7999877929688,8829000.0,0.7313476850486582,0.007547169811320753,0.0032573289902280145,0.5694485402536125,0.0032520325203252032,0,0,0,1,0.8296021,0.9990050512781264,2022-08
2022-08-04,620.0,648.0,555.0,583.0,4234400.0,7727,-0.03476821192052981,0.15674603174603186,0.16833667334669333,-0.17304964539007095,0.16135458167330685,0.804953560371517,0.8161993769470406,0.06193078324225865,1.901016413461193,-0.06300225008036009,0.8934426575403741,0.15456975938211714,1.6125211828100308,0.438529393621615,3.130210441303934,61.796407185628745,0.16491056113697622,-0.3978494623655914,0.3010752688172043,0.3010752688172043,0.1595197255574614,0.026490066225165476,0.2172043010752688,-0.3843717001055966,0.2095435684647302,0.4185303514376997,-0.3843717001055966,0.8161993769470406,0.4484848484848485,-0.3843717001055966,1.0313588850174216,0.4484848484848485,-0.3843717001055966,1.0313588850174216,36.14035087719298,0.6431775210473161,1.079567227114068,0.3880013760670796,21.626939386281485,1.0,3.0,-0.08576329331046317,573.0,-0.06980802792321117,2022-08-12,604.0,2015200.0,0.5200589970501475,0.0010155207876254568,-0.006141255154379965,0.5412979351032449,0.04541559554413025,0,0,0,0,0.85939723,0.9997485294439221,2022-08
2022-08-10,169.0,192.0,133.0,151.0,36903600.0,2388,-0.01948051948051943,0.45192307692307687,0.4380952380952381,0.39814814814814814,0.22764227642276413,0.217741935483871,0.986842105263158,0.217741935483871,2.8177484034316675,0.26254180602006705,5.216550542595553,0.26837463250734994,8.23005326711277,0.3812028355819803,7.625502441110879,64.81481481481481,0.10501419110690634,-0.3050847457627119,0.3050847457627119,0.3898305084745763,0.39072847682119205,0.09740259740259738,0.5444444444444444,-0.21354166666666663,0.48039215686274517,0.5444444444444444,-0.21354166666666663,0.48039215686274517,0.5131578947368421,-0.3288888888888889,1.0684931506849313,0.5131578947368421,-0.3288888888888889,1.0684931506849313,54.44444444444444,1.1278528550443707,0.42744829517161903,3.5056372699628753,22.44109950222198,2.0,4.0,-0.0331125827814569,146.0,0.0,2022-08-18,154.0,26477600.0,0.3948687702742554,-0.0010972933675835739,0.0,0.47006782659982305,0.31829896907216493,0,0,0,0,0.8701343,0.9999015984780565,2022-08
2022-08-18,631.0,642.0,531.0,564.0,109920700.0,3660,0.24503311258278138,0.5120643431635388,0.9249146757679181,0.9249146757679181,0.9859154929577465,1.1526717557251906,1.4521739130434783,0.4242424242424243,4.90984383472799,0.6447944006999127,9.552399251594446,0.819648330375867,17.632634924810734,1.0520283791158813,30.195899872330283,95.6386292834891,0.0578774062816616,-0.6036036036036037,0.2972972972972973,0.0990990990990991,0.19680851063829788,0.39293598233995586,0.7833333333333333,-0.12149532710280375,1.0,0.796875,-0.12149532710280375,1.1860465116279069,0.8156028368794326,-0.12149532710280375,1.5753424657534247,0.827433628318584,-0.12149532710280375,1.9684210526315788,78.97574123989219,1.3847891275215773,0.9263770370594641,4.358458596787741,24.850324006200058,0.0,1.0,-0.024822695035460973,610.0,-0.09836065573770492,2022-08-25,453.0,167900.0,0.32261869654969033,-0.0027670171555063128,0.012635379061371799,0.578885284576821,0.016570008285004142,0,0,0,0,0.8456245,0.9993986573659006,2022-08
2022-08-19,610.0,650.0,560.0,630.0,135743100.0,3660,0.11702127659574457,0.39072847682119205,0.6890080428954424,1.121212121212121,1.1724137931034484,1.290909090909091,1.7999999999999998,0.36186770428015547,2.751304681286448,0.6715309100557179,5.4247028950003875,0.9224900823924322,10.47278038099713,1.2107202386174225,19.351275217632722,96.33507853403141,0.06133786848072563,0.2222222222222222,0.5555555555555556,0.2222222222222222,0.14285714285714285,0.08156028368794321,0.9456521739130435,-0.03076923076923077,1.2340425531914891,0.9489795918367347,-0.03076923076923077,1.441860465116279,0.9535962877030162,-0.03076923076923077,1.8767123287671232,0.9560439560439561,-0.03076923076923077,2.230769230769231,94.6524064171123,1.259626005246672,1.214400344407474,3.331768802220381,25.171994506154487,0.0,1.0,-0.18571428571428572,620.0,-0.17258064516129035,2022-08-26,564.0,109920700.0,0.5157770569153642,0.0009345794392523477,0.004270462633451988,0.6036567384252433,0.0017421602787456446,0,0,0,1,0.84180635,0.9993439898537098,2022-08
2022-08-22,620.0,678.0,612.0,624.0,72235500.0,3660,-0.00952380952380949,0.1063829787234043,0.3774834437086092,1.1296928327645053,1.1971830985915495,1.2527075812274369,1.7610619469026547,0.1800302571860819,1.135223898517485,0.5186176685324897,2.243250729940381,0.808433560353572,4.371047870312661,1.1157921505467492,8.211280870240834,94.70899470899471,0.06753663003663005,0.06060606060606061,0.12121212121212122,0.8181818181818182,0.10576923076923077,-0.015873015873015928,0.8636363636363636,-0.07964601769911506,1.2127659574468086,0.8714285714285714,-0.07964601769911506,1.4186046511627906,0.8823529411764706,-0.07964601769911506,1.8493150684931505,0.8863157894736842,-0.07964601769911506,2.0738916256157633,86.39798488664988,1.0923939995749017,1.364688975468521,1.4318433023428598,24.531592541165562,1.0,1.0,-0.1842948717948718,614.0,-0.17100977198697065,2022-08-29,630.0,135743100.0,0.38661161899144797,-0.0013736263736263687,0.003597122302158251,0.5939250958419345,0.0008695652173913044,0,0,0,1,0.8357926,0.9991581203122608,2022-08
2022-08-19,259.0,307.0,257.0,302.0,7492400.0,3989,0.12686567164179108,0.13533834586466176,0.3789954337899544,0.581151832460733,0.6063829787234043,0.581151832460733,0.8083832335329342,0.1927330173775672,1.1955245219433737,0.37460172963131555,2.282799784285109,0.4954196583312702,4.276398587927752,0.5548976702278285,6.250711739689942,88.74172185430464,0.06456953642384106,0.86,0.04,0.1,0.16556291390728478,-0.03358208955223885,0.9606299212598425,-0.016286644951140072,0.6777777777777778,0.9618320610687023,-0.016286644951140072,0.7159090909090908,0.9664429530201343,-0.016286644951140072,0.9113924050632911,0.9664429530201343,-0.016286644951140072,0.9113924050632911,96.06299212598425,1.2304211845514617,0.6782657305257355,2.051033568767516,21.539826749220694,0.0,0.0,-0.10927152317880795,305.0,-0.11803278688524588,2022-08-26,268.0,5634600.0,0.5157770569153642,0.0009345794392523477,0.004270462633451988,0.6036567384252433,0.005226480836236934,0,0,0,1,0.82982814,0.9990050512781264,2022-08
2022-08-22,305.0,312.0,282.0,292.0,5508500.0,3989,-0.0331125827814569,0.08955223880597019,0.09774436090225569,0.3838862559241707,0.5698924731182795,0.5287958115183247,0.825,0.0838901262063847,0.8371784116331096,0.26791141988710376,1.443981335849848,0.41062801932367154,2.7321943610206607,0.4782938868497657,4.1822626811731745,83.125,0.07216242661448141,-0.43333333333333335,0.3333333333333333,0.23333333333333334,0.10273972602739725,0.009933774834437026,0.8484848484848485,-0.0641025641025641,0.6222222222222222,0.8529411764705882,-0.0641025641025641,0.6590909090909092,0.8666666666666667,-0.0641025641025641,0.8024691358024691,0.8701298701298701,-0.0641025641025641,0.8481012658227849,84.84848484848484,1.0403434999073702,0.7599388525892593,1.2083983603484634,21.19855671465224,1.0,1.0,-0.13013698630136983,300.0,-0.15333333333333332,2022-08-29,302.0,7492400.0,0.38661161899144797,-0.0013736263736263687,0.003597122302158251,0.5939250958419345,0.0017391304347826088,0,0,0,1,0.8348461,0.9991143863025082,2022-08
2022-08-03,680.0,686.0,634.0,653.0,2386500.0,4575,-0.04252199413489732,-0.21514423076923073,-0.2132530120481928,-0.17654476670870112,-0.21419975932611313,0.09015025041736235,0.793956043956044,-0.13761225567881674,0.8645674083627379,-0.16910548415828985,1.029991238708508,-0.18962521717547776,0.7046901090918755,-0.027043134917678624,0.5957473896266562,35.64814814814815,0.13673156858455482,-0.5192307692307693,0.36538461538461536,0.11538461538461539,0.07963246554364471,-0.0029325513196480912,0.07421875,-0.26629213483146064,0.029968454258675115,0.13203463203463203,-0.3804554079696395,0.10304054054054057,0.4499314128943759,-0.3804554079696395,1.0092307692307694,0.5453514739229025,-0.3804554079696395,2.796511627906977,4.523809523809524,0.1064001081196082,0.4817715174401053,-0.464709532600531,21.16691554534621,2.0,3.0,-0.09800918836140893,643.0,-0.08398133748055991,2022-08-10,682.0,4605500.0,0.3530973451327434,-0.0017969582485711233,-0.00540299901719421,0.540117994100295,0.037132987910189985,0,0,0,0,0.8502399,0.9994970588878441,2022-08
2022-08-18,351.0,400.0,340.0,362.0,12804800.0,6054,0.10703363914373099,0.465587044534413,0.699530516431925,1.2625000000000002,1.2625000000000002,1.1169590643274856,1.1939393939393939,0.3795731707317074,2.0448484345207105,0.7019275975552421,4.058470783625138,0.9057646749144512,7.913992317652403,1.0265920223932818,12.533174769801477,93.69369369369369,0.05860299921073402,0.18333333333333332,0.18333333333333332,0.6333333333333333,0.16574585635359115,0.07339449541284404,0.8429752066115702,-0.09499999999999997,1.2911392405063293,0.8429752066115702,-0.09499999999999997,1.2911392405063293,0.8473895582329317,-0.09499999999999997,1.3973509933774833,0.8473895582329317,-0.09499999999999997,1.3973509933774833,84.29752066115702,1.2734200604299784,1.1711160871763489,2.961216347885031,22.256974870636423,0.0,0.0,-0.15469613259668513,353.0,-0.1331444759206799,2022-08-25,327.0,7408000.0,0.32261869654969033,-0.0027670171555063128,0.012635379061371799,0.578885284576821,0.0024855012427506215,0,0,0,1,0.89230996,0.9999890664975618,2022-08
2022-08-19,353.0,355.0,328.0,332.0,3068800.0,6054,-0.08287292817679559,0.015290519877675823,0.3441295546558705,1.03680981595092,1.024390243902439,0.9529411764705882,0.9880239520958083,0.12086428089128964,0.44755048943542836,0.4466230936819171,0.8874442600100636,0.6763443574854833,1.7363653338010716,0.8166894664842681,2.79481073007691,82.86852589641434,0.07078313253012049,-0.7777777777777778,0.14814814814814814,0.07407407407407407,0.08132530120481928,-0.024861878453038666,0.71900826446281,-0.17000000000000004,1.1012658227848102,0.71900826446281,-0.17000000000000004,1.1012658227848102,0.7269076305220884,-0.17000000000000004,1.1986754966887418,0.7269076305220884,-0.17000000000000004,1.1986754966887418,71.90082644628099,1.0284117819852334,1.2799569966901,0.34492148945037854,20.74193213356925,1.0,1.0,-0.13554216867469882,326.0,-0.11963190184049077,2022-08-26,362.0,12804800.0,0.5157770569153642,0.0009345794392523477,0.004270462633451988,0.6036567384252433,0.004355400696864111,0,0,0,1,0.8355259,0.9991471868098226,2022-08
2022-09-02,599.75,621.0,547.5,557.25,460400.0,7080,-0.05790363482671179,-0.10517864311521474,-0.1550416982562547,-0.06383872322553552,0.06142857142857139,0.5267123287671234,0.9673433362753752,-0.08090054428500737,1.0371238060911876,-0.07398944788334505,0.7033732583720361,0.08609852360765968,0.7170892779266089,0.3416799590694315,0.6643482778026291,63.00884955752213,0.1032493751201692,-0.5782312925170068,0.1326530612244898,0.2891156462585034,0.13189771197846567,0.01394759087066788,0.2570093457943925,-0.1762749445676275,0.07994186046511631,0.6416228399699474,-0.1762749445676275,0.6210909090909091,0.7312676056338028,-0.1762749445676275,1.394199785177229,0.7351471404775125,-0.1762749445676275,1.4629834254143645,53.95752895752896,0.6069054264187165,0.805370938519412,-0.42140444494917206,19.3628649319936,3.0,3.0,-0.05069537909376398,562.5,-0.059555555555555584,2022-09-09,591.5,294400.0,0.30542452830188677,-0.003701420285883883,-0.01716068642745705,0.31839622641509435,0.0220949263502455,0,0,0,0,0.8214298,0.9991389672722313,2022-09
2022-09-20,48.25,57.13888931274414,46.02777862548828,57.13888931274414,2844000.0,7692,0.24140010704542214,0.1628038425753593,0.40027237718930775,0.32709684936015715,0.6764466927468855,1.0570000937271153,0.9797883017015987,0.2125678017915893,1.600486223662885,0.3768407316431386,2.191400832177531,0.6248025734801625,3.578708946772367,0.8120554620677889,6.8591274148035595,83.53465041230163,0.06885894643773091,0.8000000686645534,0.1999999313354466,0.0,0.19445793960817612,0.04828000483345396,1.0,0.0,0.8123348761179543,1.0,0.0,1.086207025024609,1.0,0.0,1.1271975674428627,1.0,0.0,1.1360332453362294,100.0,1.1579666235973136,0.949596151343008,2.3729693003401087,18.90620703467383,1.0,3.0,0.5313563328309949,55.75,0.5695067264573992,2022-09-28,46.02777862548828,2260800.0,0.5430170889805539,0.0017921146953405742,-0.010026314412883819,0.41190335886859164,1.0,1,1,1,0,0.8348948,0.9994373449501709,2022-09
2022-09-21,55.75,56.83333206176758,49.77777862548828,51.25,4028400.0,7692,-0.10306271934184574,0.1134580362220623,0.0429621164983951,0.2058823529411764,0.5582770069447465,0.7488151785236028,0.7757459356070575,0.04865295168820882,1.7616498740554156,0.18261652091921188,2.4168466522678185,0.4132516558097781,4.074276351720371,0.5969532712218057,7.84299982477659,73.77877723276227,0.08687572412789907,-0.6377954671650885,0.20866135985047343,0.153543172984438,0.13766933534203507,-0.024307250796251734,0.7700650726909554,-0.10306271934184574,0.6255507154271707,0.8020541534389108,-0.10306271934184574,0.8711968559155105,0.8055045786025139,-0.10306271934184574,0.9079628015648418,0.8062157108757994,-0.10306271934184574,0.9158878504672898,80.01884942162252,0.919635440701571,0.9847873075707806,2.763258758004858,19.145595455618302,2.0,3.0,1.0867208341272865,49.02777862548828,1.1813030438508543,2022-09-29,57.13888931274414,2844000.0,0.20506776664702417,-0.007288039565160942,-0.018237082066869248,0.31231585150265173,1.0,1,1,1,0,0.83909523,0.9995225957152966,2022-09
2022-09-22,49.02777862548828,58.25,47.5,57.16666412353516,2232000.0,7692,0.11544710484946652,0.0004860929416916626,0.24200354287527204,0.4009530397083052,0.7665235497015246,1.0176470596155087,0.9788461674317814,0.09631361343417488,0.8528198074277854,0.24772641817653218,1.1884224650182098,0.5161337492602338,2.1196581196581197,0.742923039244539,3.9234298370510996,76.57973931436273,0.09131612075756629,0.7571056277252913,0.14211894190588661,0.10077543036882201,0.18804665559581413,-0.04336041706364324,0.959459365897888,-0.01859804079767957,0.8132158393092166,0.9647695649930135,-0.01859804079767957,1.0787877863103694,0.9654866451096441,-0.01859804079767957,1.12823158316598,0.9656083848741321,-0.01859804079767957,1.1370715560200062,96.45775742579663,0.9957003614532107,1.0412212485524923,1.0408278444304817,18.664379543772192,1.0,2.0,1.2108843927804656,53.27777862548828,1.3722626723326257,2022-09-30,51.25,4028400.0,0.38556701030927837,-0.0009337361214641904,-0.009756097560975618,0.3134020618556701,1.0,1,1,1,0,0.8178805,0.9990366663540805,2022-09
2022-09-28,83.27777862548828,87.5,80.13888549804688,87.5,9558000.0,7692,0.1891279317221919,0.4657980872336973,0.5306123129891847,0.5313563328309949,1.0322581645477378,2.1500001201629684,2.165829315651785,0.32900177884700277,2.031058751529988,0.5492057304969762,2.9486894713460683,0.9640853268500205,5.080853506841451,1.4184261433114442,9.605643994211288,84.93247961548633,0.08154195513044085,0.5735845262821868,0.4264154737178132,0.0,0.08412702287946429,0.13174780177537637,1.0,0.0,1.199720623512468,1.0,0.0,2.1818181818181817,1.0,0.0,2.257497466086315,1.0,0.0,2.257497466086315,100.0,1.182165799121636,1.41327127230856,3.2335359109667476,20.544527852679515,0.0,1.0,0.7809523228236608,86.38888549804688,0.8038585328270438,2022-10-05,73.58333587646484,6577200.0,0.32430841671571514,-0.004914004914004955,-0.028273093099094315,0.18922895821071217,1.0,1,1,1,0,0.8312158,0.9993606192615578,2022-09
2022-09-29,86.38888549804688,106.94444274902344,77.88888549804688,106.94444274902344,15552000.0,7692,0.22222220284598215,0.4533785601751841,0.7915309671061965,1.0867208341272865,1.5163398293887869,2.84231548388432,2.8538537927576013,0.38928982855190997,2.218342405258293,0.6995541262987983,3.3454658096491907,1.2047875350095771,5.8540551527881295,1.8024967721125398,11.242680546519193,88.41201701560637,0.08519481149957532,0.7074569960376749,0.2925430039623251,0.0,0.27168833184875224,-0.012698451450892878,1.0,0.0,1.6515151930727114,1.0,0.0,2.865461874937997,1.0,0.0,2.981385728765221,1.0,0.0,2.981385728765221,100.0,1.219078628446111,1.6754600781461915,3.420775268968301,21.23200927925604,0.0,0.0,0.28831164532251363,126.38888549804688,0.0901098656987751,2022-10-06,87.5,9558000.0,0.607825831126802,0.005565867498276811,-0.01426230460952227,0.2609591056192998,0.9552691432903715,0,0,0,0,0.8478672,0.999727197551598,2022-09
2022-09-12,97.0,108.0,92.0,104.0,31682800.0,2370,0.09473684210526323,0.20930232558139528,0.20930232558139528,0.23809523809523814,0.22352941176470598,0.3866666666666667,0.8909090909090909,0.1378555798687089,1.9958222464118691,0.16461366181410986,2.2717986997109594,0.2455089820359282,3.1738040058722206,0.34280180761781787,2.1926461838230855,76.08695652173913,0.0728021978021978,0.4375,0.3125,0.25,0.15384615384615385,0.021052631578947434,0.8666666666666667,-0.03703703703703709,0.33333333333333326,0.8947368421052632,-0.03703703703703709,0.48571428571428577,0.9272727272727272,-0.03703703703703709,0.9622641509433962,0.9285714285714286,-0.03703703703703709,1.0,87.5,1.159713289134614,0.372144969760996,2.3858188042209028,21.915675404288123,0.0,0.0,-0.07692307692307687,103.0,-0.06796116504854366,2022-09-20,95.0,33045200.0,0.6311910377358491,0.0038843544273238217,0.012278619207708119,0.5327240566037735,0.09302325581395349,0,0,0,0,0.83656,0.9994714452562212,2022-09
2022-09-06,815.0,888.0,644.0,703.0,54619800.0,4165,-0.08701298701298699,0.04925373134328348,0.2333333333333334,0.33904761904761904,0.6050228310502284,0.7575000000000001,0.5282608695652173,0.08287122612446085,1.4567408784003635,0.24139148861027726,1.8640634753136958,0.42654220779220786,3.215507492183439,0.5861018669975746,6.0736412235173765,65.08422664624808,0.10841292420239788,-0.45901639344262296,0.24180327868852458,0.29918032786885246,0.34708392603129445,0.05844155844155852,0.6012931034482759,-0.20833333333333337,0.6580188679245282,0.6496212121212122,-0.20833333333333337,0.9527777777777777,0.6496212121212122,-0.20833333333333337,0.9527777777777777,0.6496212121212122,-0.20833333333333337,0.9527777777777777,62.47464503042596,0.9852227070268093,0.8790648121268583,2.253246524053574,24.371263904177443,1.0,1.0,-0.04694167852062592,700.0,-0.042857142857142816,2022-09-13,770.0,15205900.0,0.45577830188679247,0.0,-0.01568825910931171,0.31928066037735847,0.03356282271944923,0,0,0,0,0.8539668,0.999786873087186,2022-09
2022-09-14,424.3333435058594,505.0,396.3333435058594,495.0,897900.0,4422,0.16470588235294126,0.17205995598387425,0.12414834647518158,0.6071428571428572,0.7470587608047032,0.7870036101083033,0.9565217391304348,0.1561818638169199,1.1832845734166206,0.35319845781948067,2.2287586566386177,0.5254237288135593,4.4125018428424,0.6571348849052379,8.651539239774534,79.79027877502962,0.07364117510907062,0.650306715730699,0.2576687357773797,0.0920245484919213,0.21952859897806187,-0.0015686035156250444,0.9547511312217195,-0.01980198019801982,0.7429577464788732,0.9562043815131915,-0.01980198019801982,0.789156692290035,0.960578187387029,-0.01980198019801982,0.9694960610770889,0.9609882957148617,-0.01980198019801982,0.9906165812675622,95.57522123893806,1.1543574716891973,0.8029613040975897,1.4333842113772086,19.91237174732751,1.0,1.0,0.023569003018465873,595.0,-0.14845940085018383,2022-09-22,425.0,182100.0,0.17418213969938107,-0.010025062656641603,0.009198486661589955,0.3863837312113174,0.011139674378748929,0,0,0,1,0.83748114,0.9994970204857588,2022-09
2022-09-16,538.3333129882812,616.3333129882812,503.6666564941406,516.6666870117188,1362600.0,4422,-0.13165262687106094,0.04377108487215908,0.21568632238051477,0.17335353915764418,0.8192488979285872,0.8674700217178537,0.9570707841352983,0.05270309817956176,2.191873371296207,0.23182074703829136,2.4715677205202153,0.46627570909631966,4.907882651682965,0.6483663185812871,9.67360630424365,72.22582881515729,0.09737326946142305,-0.19230734851610068,0.11538489666864489,0.6923077548152544,0.2180644878534334,-0.09523812943146004,0.6976745327038134,-0.16170897122748507,0.8023257163229909,0.7051282988895483,-0.16170897122748507,0.8562874304021073,0.7195122935747669,-0.16170897122748507,0.9795658506196121,0.7289212161275092,-0.16170897122748507,1.077748028594152,70.0700795464116,0.939171912531501,1.061715687618968,2.00525269074969,20.37230315936484,1.0,2.0,-0.05806457290887357,470.6666564941406,0.03399433501234039,2022-09-27,595.0,133800.0,0.27291482463896255,-0.005647414001425877,-0.00897148441991491,0.35307987032124966,0.96160409556314,0,0,0,0,0.86483747,0.999923274311387,2022-09
2022-09-21,463.3333435058594,543.3333129882812,447.3333435058594,543.3333129882812,1575900.0,4422,0.22556383576210792,0.05161282243838117,-0.08683476808692225,0.2784313246783088,0.5886938976265534,0.9289940802758241,1.0173265809417353,0.047557797282171244,1.803047985171964,0.19492700536981178,2.126892865819095,0.45496735505161445,4.190498982888596,0.6734682774721836,8.290719696969697,69.0615821933056,0.11652060166886599,0.8333332803514101,0.16666671964858998,0.0,0.1766870670131217,0.045112780919749795,0.7660256181399632,-0.11844240520776128,0.7853229840976015,0.7835968248930815,-0.11844240520776128,0.9474312293486784,0.7920227739402813,-0.11844240520776128,1.0477385382824407,0.8014505755683419,-0.11844240520776128,1.1849864686656786,78.0341009621945,0.9235868882832091,1.0740827151085575,1.9981399927913708,20.56806006446588,2.0,2.0,-0.25398768340456657,623.3333129882812,-0.34973258277713826,2022-09-29,443.3333435058594,399900.0,0.20506776664702417,-0.007288039565160942,-0.018237082066869248,0.31231585150265173,0.0008090614886731392,0,0,0,1,0.84779227,0.999727197551598,2022-09
2022-09-26,507.6666564941406,588.0,478.3333435058594,550.0,2084100.0,4422,0.08552633758397032,0.012269976554635686,0.24060147529311848,-0.07563025210084029,0.5363128491620113,0.9186047192455458,0.9366197183098592,0.07421875,1.0170111846343035,0.11388644650062574,1.4800374962716776,0.38312585383889064,2.890789172544369,0.6319667684536787,5.749637906062487,67.81250097070426,0.14900433032543628,0.38601836564718467,0.26747704294101915,0.3465045914117962,0.1993939208984375,0.001973684250152763,0.5671981382471218,-0.187192142664953,0.43229166666666674,0.6814752375574622,-0.187192142664953,0.9713261648745519,0.6920583049939047,-0.187192142664953,1.0728642421371903,0.7040498072526234,-0.187192142664953,1.2117962014084025,67.52136484614721,0.860645449936934,1.0623338070836266,1.1676902192129477,20.859765944448004,1.0,3.0,-0.35151517001065335,549.6666870117188,-0.3511219345797163,2022-10-03,506.6666564941406,4823700.0,0.11163475699558174,-0.017107309486780742,-0.028251121076233177,0.18674521354933726,0.0008032128514056225,0,0,0,1,0.837693,0.9994970204857588,2022-09
2022-10-24,882.0,1047.0,844.0,1047.0,2993200.0,6579,0.16722408026755864,0.19794050343249436,0.44613259668508287,0.680577849117175,0.7107843137254901,0.8051724137931036,0.4381868131868132,0.2566010561689869,1.3437124028084542,0.4545707140872466,2.672834104263033,0.6086655911500345,5.241893820652697,0.6300794021485288,9.936923179071774,92.98892988929889,0.0596261427206986,0.812807881773399,0.18719211822660098,0.0,0.1938872970391595,-0.01672240802675584,1.0,0.0,0.802065404475043,1.0,0.0,0.9281767955801106,1.0,0.0,0.9281767955801106,1.0,0.0,0.9281767955801106,100.0,1.2623203920479988,0.7984380288120513,1.886374175166255,21.86553781837797,0.0,0.0,-0.005730659025787954,1197.0,-0.13032581453634084,2022-10-31,897.0,2378700.0,0.4768464243845252,0.0,0.0027155777930998326,0.49618991793669404,0.0051635111876075735,0,0,0,1,0.8437125,0.9996170592990767,2022-10
2022-10-05,148.61111450195312,155.8333282470703,131.25,155.8333282470703,15408000.0,7692,0.14256618255966247,0.06857143096301033,0.2329670258029013,0.7809523228236608,1.7272726180260833,3.572127160708967,4.5988024682508675,0.1605295764847663,1.2468682631241625,0.5574248163470563,1.805983374825942,1.2016836120790866,3.135071784353941,2.1499157379247036,6.072429326428546,86.88969194821823,0.09816654312992106,0.29378502668685175,0.7062149733131483,0.0,0.15775398320501752,0.08961308657428146,0.8369098429131876,-0.11930928247290007,2.2807016473067434,0.8548232807271932,-0.11930928247290007,3.9427312823301905,0.8593373813604782,-0.11930928247290007,4.801447678818612,0.8593373813604782,-0.11930928247290007,4.801447678818612,84.54656111369825,1.0342700868524755,2.249206237913334,1.4536249753816424,21.599184440858032,1.0,1.0,-0.3868092382684959,158.61111450195312,-0.39754816331109066,2022-10-13,136.38888549804688,29361600.0,0.46917204932472106,0.0,0.014038257007007005,0.4186729301233118,0.0007961783439490446,0,0,0,1,0.87282294,0.9999149020664615,2022-10
2022-10-07,136.11111450195312,143.88888549804688,123.75,143.05555725097656,6123600.0,7692,0.03830651502579796,-0.08199639409507364,0.04887987557479634,0.13186817564893594,1.5024296842271312,3.420600968659377,4.255102266743011,-0.005023146321869065,0.4134662129314536,0.21956999183589732,0.5679655414204147,0.7540275077197867,0.9674117044872889,1.5951122013079764,1.8822097430081053,78.1328009653854,0.13137308925318766,0.3448275600800714,0.6137933751672574,0.041379064752671196,0.14077667365774005,-0.012096700956120698,0.72822457239529,-0.19152274562312532,1.737905401932566,0.7669532219171529,-0.19152274562312532,3.5374451401981952,0.7741995394658501,-0.19152274562312532,4.325749888624251,0.7741995394658501,-0.19152274562312532,4.325749888624251,74.63090269197882,0.8615890531163763,2.0853161931235378,-0.025848401535215653,20.590893785034755,1.0,2.0,-0.3776699043624149,137.5,-0.3525252463600852,2022-10-17,137.77777099609375,22636800.0,0.29070108536227635,-0.0037291703606356363,0.018974665331414897,0.4335582282194192,0.0008347245409015025,0,0,0,1,0.81321573,0.9990993802033841,2022-10
2022-10-14,89.72222137451172,102.5,85.41666412353516,90.41666412353516,13147200.0,7692,-0.0537791131701959,-0.20609755966849153,-0.3218749932050702,-0.3437499861563399,-0.15454546492215193,1.1274509205537684,2.2945342948501657,-0.21547361977763635,0.808859357696567,-0.29277566794056953,0.8756533832062533,-0.052098206566243976,1.3372635895933649,0.43026626924882216,2.5628070175438595,58.59049768600375,0.2519640292129294,0.040650301208451256,0.2520325820502182,0.7073171167413305,0.18894012560697987,-0.06104653715893882,0.05462822407674625,-0.4890109984873533,0.05853658710867782,0.366612435912504,-0.4890109984873533,1.24173554481114,0.42143387166944885,-0.4890109984873533,2.3012171244941997,0.4234684329244681,-0.4890109984873533,2.3660806202787796,30.608151640209375,0.467423599242341,1.599262206829133,0.2757353741316337,20.896147955060055,3.0,4.0,0.407066082428009,87.77777862548828,0.4493670649529269,2022-10-21,95.55555725097656,50014800.0,0.8146627565982405,0.014464805677122383,-0.010734959090143492,0.4146627565982405,1.0,1,1,1,0,0.82808435,0.9993901314763073,2022-10
2022-10-19,95.27777862548828,104.58333587646484,93.19444274902344,102.36111450195312,5922000.0,7692,0.08702071433334257,0.14976601777916954,0.13210452402997763,-0.10121945566225987,-0.2494907915101413,1.2238986446604176,2.6850002626419167,0.08541976890881764,0.3642442761613746,-0.11407616808596299,0.4308651352837948,-0.0049011839842502125,0.5634719462903336,0.49909492416416223,1.0610507304802141,54.17642550176258,0.22002325954016375,0.6219512113427097,0.18292698448851627,0.19512180416877406,0.11126191017805007,0.011799446357104504,0.20504207809617098,-0.3909090768769665,0.1983740591169869,0.43029920028597557,-0.42150703965797165,1.2238986446604176,0.5013001818909159,-0.42150703965797165,2.7373228414451174,0.5030538886465077,-0.42150703965797165,2.8107550984672396,24.705558863195417,0.4960637452006287,1.2451389033639322,-0.39303608639426113,20.22269168858694,1.0,3.0,0.2754409512460463,99.16666412353516,0.31652666150329756,2022-10-26,94.16666412353516,8078400.0,0.555262386396951,0.0019093083109138487,0.012406022051004606,0.5681618293755497,0.9991539763113367,1,1,1,0,0.8357876,0.9995603273433843,2022-10
2022-10-26,141.6666717529297,146.11111450195312,126.94444274902344,130.55555725097656,13899600.0,7692,-0.02083328326542977,0.14634151243156657,0.026200893526707958,0.2754409512460463,0.14634151243156657,0.7742543973564797,3.653465442117109,0.06527654420911433,0.8734898873354147,0.20404767177056216,0.8641063515509602,0.10115390069592789,1.0184916510591153,0.6306563871139521,1.8444781502669263,41.63603184338666,0.1524316191661868,-0.5797101680032035,0.18840592401761952,0.23188390797917693,0.14680854769042256,0.06250007867813401,0.7437070909450416,-0.10646388745990043,0.5284553499087554,0.5316882082596175,-0.26216638837222195,0.6761769848953654,0.6895910972350291,-0.26216638837222195,3.7474748091264205,0.6909124760172882,-0.26216638837222195,3.860393107754777,54.6218510669432,0.6458887588737495,0.6933632274126436,0.022014889696728712,21.319169483487745,2.0,2.0,0.014893603841661829,134.44444274902344,-0.01446279748917001,2022-11-02,133.3333282470703,16722000.0,0.5691271236086701,0.0026109705072815403,0.0010224948875254825,0.6332747510251904,0.39932030586236195,0,0,0,0,0.81461555,0.9991561121590764,2022-10
2022-10-28,134.5,167.25,130.1666717529297,146.6666717529297,39660000.0,7692,0.09543575037876617,0.1234042796890027,0.10000008010864558,0.15283847560858232,0.6221199175468457,0.37142864073008575,4.269461501319634,0.11392409786890045,1.9774552155755263,0.2441093775429668,2.8244483566069016,0.1936924790107062,2.7299159136338855,0.7116599560310362,4.615776738859463,51.25482746268201,0.1281114793912201,0.32809006979816835,0.11685381145400987,0.5550561187478218,0.25284086564355795,0.004564340794083632,0.7463198055935119,-0.12306922718726643,0.7032257984490848,0.6691958282961964,-0.17111456299896066,0.7170732814010481,0.7971716107933264,-0.17111456299896066,4.301205124940186,0.7982602692773854,-0.17111456299896066,4.460186418222649,74.84725750622852,0.7974531351593128,0.6511697343750182,1.9329819650120887,22.484016154151103,1.0,2.0,-0.12215912135179274,149.6666717529297,-0.13975504037037056,2022-11-07,133.88888549804688,3063600.0,0.3156661786237189,-0.003986048829098143,0.0,0.4632503660322108,0.006102877070619006,0,0,0,1,0.87176126,0.999907810572,2022-10
2022-10-03,590.0,649.0,568.0,589.0,309300.0,9271,0.06702898550724634,0.24788135593220328,0.30309734513274345,0.21946169772256718,0.14368932038834958,0.8817891373801916,0.9061488673139158,0.15490196078431362,2.551138238205213,0.21920927344235142,2.418295543393276,0.3912838077241052,1.951850566371123,0.597396433656519,3.2456255410687582,75.27675276752768,0.10962891098714528,-0.012345679012345678,0.25925925925925924,0.7283950617283951,0.13752122241086587,0.06884057971014501,0.7457627118644068,-0.09244992295839749,0.4261501210653753,0.8255813953488372,-0.09244992295839749,0.9311475409836065,0.8309859154929577,-0.09244992295839749,1.0034013605442178,0.8309859154929577,-0.09244992295839749,1.0034013605442178,80.95238095238095,0.9746553954760127,0.8243534392602923,0.9530558192244395,19.020493147813895,0.0,1.0,0.03735144312393879,594.0,0.028619528619528545,2022-10-11,552.0,204400.0,0.4486200822078685,0.0,-0.00697269029633929,0.1849677040516735,0.8457278481012658,0,0,0,0,0.8521274,0.9996879742436922,2022-10
2022-10-04,63.0,81.19999694824219,62.79999923706055,81.19999694824219,9006000.0,3358,0.24539878449229535,0.4871794728479484,0.6639343897074463,0.6639343897074463,0.6916666030883789,0.6776858344689414,0.40484425640230626,0.3596784902526433,2.050266357055047,0.46517500023850467,3.601823708206687,0.5612381807735691,7.014701586992503,0.5705995657133149,13.314114646856636,83.60000360107477,0.07213229719601486,0.9891303919664124,0.010869608033587583,0.0,0.22660096555065157,-0.033742286061587023,1.0,0.0,0.7276595095370679,1.0,0.0,0.7807017470477509,1.0,0.0,0.7807017470477509,1.0,0.0,0.7807017470477509,100.0,1.435716135552313,0.5997953433198995,2.5174906826006422,20.410316790795513,0.0,0.0,0.09605915449392954,97.1999969482422,-0.08436211116970094,2022-10-12,65.19999694824219,11614000.0,0.8485026423957722,0.02009401029583968,0.008547008547008517,0.405460951262478,0.048451151707704525,0,0,0,0,0.8228517,0.9993121250372303,2022-10
2022-10-12,93.4000015258789,96.5999984741211,82.80000305175781,89.0,18502500.0,3358,-0.006696411655569223,0.20923915550478966,0.27507157748983313,0.09605915449392954,0.8237705203161165,0.8163265306122449,0.6542751163961293,0.13058943527729294,1.209978027152162,0.28575558181645677,1.8799341603925992,0.5016028518823832,3.6353723051531808,0.6266106282998685,7.166997530625091,75.53763912239387,0.12295343940943049,-0.3188407960446552,0.44927529020733714,0.23188391374800765,0.15505612834116048,0.0424107490677621,0.836653437316009,-0.08436211116970094,0.8936170212765957,0.8410853257611095,-0.08436211116970094,0.9517544512750211,0.8410853257611095,-0.08436211116970094,0.9517544512750211,0.8410853257611095,-0.08436211116970094,0.9517544512750211,83.6653437316009,1.0202604063521454,0.9641380465590659,1.938777803551416,21.222052786393164,1.0,3.0,-0.21797754523459445,85.80000305175781,-0.18881123544790857,2022-10-19,89.5999984741211,11859500.0,0.38211143695014665,-0.0011560693641619046,-0.012352616692276386,0.29853372434017594,0.004048582995951417,0,0,0,1,0.86736214,0.9998652616052307,2022-10
2022-10-21,765.0,793.0,702.0,783.0,1460700.0,3753,0.03708609271523189,0.19541984732824424,0.18816388467374812,0.29850746268656714,0.7755102040816326,0.7835990888382689,0.7835990888382689,0.10126582278481022,0.9440559440559441,0.2937871777924652,1.4175910559874225,0.4988514548238898,2.656446069070871,0.5906551549009649,4.8654320165212175,87.17948717948718,0.07051632913701879,0.1978021978021978,0.6923076923076923,0.10989010989010989,0.11621966794380588,0.013245033112582849,0.9722991689750693,-0.01261034047919296,0.8125,0.9731903485254692,-0.01261034047919296,0.8642857142857143,0.9731903485254692,-0.01261034047919296,0.8642857142857143,0.9731903485254692,-0.01261034047919296,0.8642857142857143,97.31903485254692,1.0522328781386892,0.903335303948721,1.2147335203715457,20.85755902770404,1.0,2.0,-0.08173690932311617,753.0,-0.04515272244355906,2022-10-28,755.0,1471800.0,0.26318874560375144,-0.004541399993076123,-0.0012400976701847366,0.47567409144196954,0.08779631255487269,0,0,0,0,0.81692404,0.9991986611258457,2022-10
2022-10-07,333.0,350.0,311.0,327.0,2888500.0,4576,-0.08403361344537819,0.18050541516245477,0.1890909090909092,0.36250000000000004,0.379746835443038,0.4405286343612336,0.5,0.09072715143428955,2.114815791015053,0.2196941439761282,3.569707230866196,0.29994036970781157,6.037518942362961,0.4043375563667597,9.937727929539669,72.77227722772278,0.0655307994757536,-0.15384615384615385,0.41025641025641024,0.4358974358974359,0.11926605504587157,-0.0672268907563025,0.781021897810219,-0.08403361344537819,0.48636363636363633,0.781021897810219,-0.08403361344537819,0.48636363636363633,0.7986577181208053,-0.08403361344537819,0.5721153846153846,0.803921568627451,-0.08403361344537819,0.6029411764705883,78.10218978102189,1.0636130396001715,0.5321742909294468,3.241641306295091,20.666208066159427,1.0,1.0,-0.05504587155963303,319.0,-0.031347962382445194,2022-10-17,357.0,2362800.0,0.29070108536227635,-0.0037291703606356363,0.018974665331414897,0.4335582282194192,0.16026711185308848,0,0,0,0,0.81462854,0.9991561121590764,2022-10
2022-11-18,129.0,180.0,125.0,180.0,7116700.0,6721,0.3846153846153846,0.5126050420168067,0.5,0.40625,0.7821782178217822,0.5652173913043479,0.6216216216216217,0.3493253373313343,1.691303335218712,0.5050167224080269,2.5423595605965885,0.6165244723843737,3.9277662336945576,0.6921269095182139,6.173711822024433,83.05084745762711,0.0746031746031746,0.9272727272727272,0.07272727272727272,0.0,0.3055555555555556,-0.007692307692307665,1.0,0.0,0.8367346938775511,1.0,0.0,0.8367346938775511,1.0,0.0,0.9148936170212767,1.0,0.0,0.9148936170212767,100.0,1.434031759783067,0.6600679965396083,2.038703873729328,20.970911544471424,1.0,2.0,-0.07777777777777772,175.0,-0.05142857142857138,2022-11-28,130.0,1372300.0,0.48142731792921906,0.0,0.0023062730627305683,0.5946183094472068,0.026246719160104987,0,0,0,0,0.8571019,0.9996797757221662,2022-11
2022-11-21,175.0,175.0,156.0,163.0,4973600.0,6721,-0.09444444444444444,0.25384615384615383,0.3697478991596639,0.3813559322033899,0.613861386138614,0.5233644859813085,0.5092592592592593,0.1446629213483146,1.4647708129631156,0.29570747217806037,1.5110573695035956,0.4279456855015329,2.5811005070241264,0.5127610208816706,3.901337025285427,73.68421052631578,0.091148115687993,-0.631578947368421,0.3684210526315789,0.0,0.1165644171779141,-0.02777777777777779,0.7926829268292683,-0.09444444444444444,0.6632653061224489,0.7926829268292683,-0.09444444444444444,0.6632653061224489,0.8023255813953488,-0.09444444444444444,0.7340425531914894,0.8023255813953488,-0.09444444444444444,0.7340425531914894,79.26829268292683,1.0680370805731272,0.7533763202038724,1.1338396356894396,20.513404683977534,1.0,2.0,-0.06134969325153372,154.0,-0.00649350649350644,2022-11-29,180.0,7116700.0,0.5797016671541386,0.00273972602739736,0.011928429423459175,0.6341035390465048,0.2485182049110923,0,0,0,0,0.8423713,0.9993776773468512,2022-11
2022-11-14,418.0,488.0,413.0,470.0,9455800.0,7859,0.14634146341463405,0.08045977011494254,0.11904761904761907,0.14914425427872868,0.821705426356589,0.8650793650793651,0.8007662835249043,0.09455053563111315,0.9167518221991263,0.28873046339457087,1.1978950248806641,0.5008781733993295,2.212594694199889,0.6135953995365206,3.360968787043504,82.75862068965517,0.08525835866261398,0.6933333333333334,0.06666666666666667,0.24,0.1595744680851064,0.019512195121951237,0.9274193548387096,-0.03688524590163933,0.9583333333333333,0.9274193548387096,-0.03688524590163933,0.9583333333333333,0.9274193548387096,-0.03688524590163933,0.9583333333333333,0.9274193548387096,-0.03688524590163933,0.9583333333333333,92.74193548387096,1.0123901005270184,0.9775328853624453,0.7836996628290093,22.214871562741237,1.0,1.0,0.29361702127659584,478.0,0.2719665271966527,2022-11-21,410.0,4127600.0,0.33977172958735735,-0.004267425320056861,0.0031347962382444194,0.5118525021949079,0.9952755905511811,1,0,1,0,0.8471609,0.999474348826952,2022-11
2022-11-16,478.0,547.0,466.0,533.0,7445200.0,7859,0.11041666666666661,0.13404255319148928,0.30000000000000004,0.269047619047619,1.140562248995984,1.0037593984962405,0.9523809523809523,0.14475945017182124,0.9616263900907999,0.2840279450734762,0.8326520569699885,0.5799614643545279,1.5274382706867953,0.7580605260987878,2.410674679367834,87.36263736263736,0.0879120879120879,0.6790123456790124,0.14814814814814814,0.1728395061728395,0.15196998123827393,-0.004166666666666652,0.9543973941368078,-0.025594149908592323,1.2208333333333332,0.9543973941368078,-0.025594149908592323,1.2208333333333332,0.9543973941368078,-0.025594149908592323,1.2208333333333332,0.9543973941368078,-0.025594149908592323,1.2208333333333332,95.43973941368078,1.020147768882936,1.114993659590326,0.394024942299825,22.101601511824157,0.0,1.0,0.3433395872420262,514.0,0.3929961089494163,2022-11-24,480.0,5657400.0,0.4659257092717169,0.0,0.0,0.5153553670663937,0.9983388704318937,1,1,1,0,0.85111094,0.9995468524370276,2022-11
2022-11-18,602.0,619.0,562.0,617.0,7963500.0,7859,0.07118055555555558,0.1575984990619137,0.28541666666666665,0.5048780487804878,0.86404833836858,1.3460076045627378,1.2851851851851852,0.15284005979073223,1.0931665934548649,0.29567408651826965,0.7841100422406239,0.6646431943882369,1.442273734082648,0.9306891965892201,2.3662529277310074,91.64733178654292,0.0871729567029405,0.2631578947368421,0.7017543859649122,0.03508771929824561,0.09238249594813615,0.04513888888888884,0.9918032786885246,-0.003231017770597755,0.6453333333333333,0.9947229551451188,-0.003231017770597755,1.5708333333333333,0.9947229551451188,-0.003231017770597755,1.5708333333333333,0.9947229551451188,-0.003231017770597755,1.5708333333333333,99.47229551451187,1.0215100060855815,1.27445914101822,0.3826201617351621,22.31524818378288,0.0,0.0,0.2674230145867098,617.0,0.2674230145867098,2022-11-28,576.0,5902100.0,0.48142731792921906,0.0,0.0023062730627305683,0.5946183094472068,0.9973753280839895,1,0,1,0,0.85045284,0.9995226845670024,2022-11
2022-11-22,608.0,686.0,602.0,646.0,11967000.0,7859,0.0625,0.04700162074554304,0.12152777777777768,0.34583333333333344,0.5679611650485437,1.475095785440613,1.2666666666666666,0.08389261744966436,1.5677853966823265,0.24350336862367672,1.5957255304083922,0.5858598257027126,1.8911875747696265,0.9149251519193715,3.2354064366122453,92.68817204301075,0.0936532507739938,0.4523809523809524,0.07142857142857142,0.47619047619047616,0.13003095975232198,0.0,0.863013698630137,-0.058309037900874605,0.6395939086294415,0.9103139013452914,-0.058309037900874605,1.6916666666666669,0.9103139013452914,-0.058309037900874605,1.6916666666666669,0.9103139013452914,-0.058309037900874605,1.6916666666666669,91.03139013452915,0.944912772163721,1.3167970495734054,0.8970173114260606,22.76846292346761,1.0,1.0,-0.035603715170278605,634.0,-0.017350157728706628,2022-11-30,608.0,4887500.0,0.6432748538011696,0.005527638190954809,0.016528925619834656,0.7093567251461989,0.30145175064047824,0,0,0,0,0.8364006,0.9992810058667504,2022-11
2022-11-30,424.6666564941406,468.6666564941406,406.6666564941406,467.6666564941406,2720400.0,9553,0.051724139114314394,0.037721894342589435,0.08675440458350847,0.33874038991155286,0.5502762616498329,0.4706498631891214,0.8244472221127583,0.06756961080069801,0.8025631040464474,0.18837877074005616,1.1789944482727237,0.3553591092026325,2.1708321363592837,0.48481318384186656,3.6641714903375053,86.87846547449118,0.06486101197403706,0.6935483870967742,0.2903225806451613,0.016129032258064516,0.13257306061711244,-0.04497751227331692,0.9514924289655055,-0.018194583960742916,0.5711086421375728,0.956521639283776,-0.018194583960742916,0.6883272797622406,0.9622092152879752,-0.018194583960742916,0.89338727325563,0.9622092152879752,-0.018194583960742916,0.89338727325563,95.65216392837759,1.011820373769733,0.694304344677197,1.0745151405114266,20.96404525675233,1.0,1.0,-0.0014254950291693325,473.0,-0.012684989429175508,2022-12-07,444.6666564941406,2806200.0,0.301373867290266,-0.003771395416304002,0.0,0.6635486699795381,0.6816999132697311,0,0,0,0,0.8364304,0.9992810058667504,2022-11
2022-11-30,576.6666870117188,722.6666870117188,560.3333129882812,645.0,6803700.0,4422,0.09445705135766813,0.31811986360638556,0.2301335505921127,0.3851109822979475,0.5236220106320837,0.9082840236686391,0.7883549487765822,0.1874079662138497,3.050220572412309,0.23681688887618635,3.294355190145551,0.4467289835160617,6.094048098884858,0.6234243009489653,10.196704358968594,73.30631528931383,0.11598375559117179,0.42094432767974976,0.10061624186459223,0.478439430455658,0.2516796496487403,-0.02149314436737837,0.7592974727852894,-0.1074723498503527,0.6125,0.8017020860153089,-0.1074723498503527,0.9486404833836859,0.806638963291838,-0.1074723498503527,1.0093457943925235,0.8229482900997132,-0.1074723498503527,1.2711267605633805,78.30539653881252,1.0610788499088306,0.7961964411751583,3.384539253224249,22.20222745683871,1.0,1.0,-0.08062015503875974,633.3333129882812,-0.06368418044832513,2022-12-07,589.3333129882812,1773600.0,0.301373867290266,-0.003771395416304002,0.0,0.6635486699795381,0.1023417172593235,0,0,0,0,0.87327147,0.9999154124549118,2022-11
2022-11-09,209.0,214.0,175.0,175.0,31010100.0,4594,-0.18224299065420557,0.005747126436781658,0.41129032258064524,1.734375,1.7777777777777777,1.734375,1.3333333333333335,0.12035851472471193,0.926631685262988,0.5952597994530537,1.849957643802274,1.0231213872832372,3.660170602822607,1.2537025112685125,7.075392271168497,77.77777777777777,0.10775510204081633,-0.8717948717948718,0.0,0.1282051282051282,0.22285714285714286,-0.02336448598130836,0.5432692307692307,-0.35185185185185186,1.8225806451612905,0.5454545454545454,-0.35185185185185186,1.8688524590163933,0.5454545454545454,-0.35185185185185186,1.8688524590163933,0.5454545454545454,-0.35185185185185186,1.8688524590163933,54.54545454545455,0.9867459600252974,2.1019617445413674,0.8366196465626001,22.414609489945423,1.0,1.0,-0.3314285714285714,170.0,-0.31176470588235294,2022-11-16,214.0,121702700.0,0.44834650278021654,0.0,0.0,0.5695054141059409,0.0008460236886632825,0,0,0,1,0.83461195,0.9992447540617126,2022-11
2022-11-11,158.0,166.0,133.0,145.0,21997100.0,4594,0.013986013986013957,-0.17142857142857137,-0.32242990654205606,0.1693548387096775,1.3015873015873014,1.338709677419355,0.9333333333333333,-0.1480611045828436,0.5355756785421072,0.15262321144674096,1.0027501769859464,0.5319598520866349,1.9909129992080552,0.7879161528976573,3.8802468515142454,67.82608695652173,0.16995073891625614,-0.3939393939393939,0.36363636363636365,0.24242424242424243,0.22758620689655173,0.10489510489510478,0.39903846153846156,-0.4629629629629629,1.338709677419355,0.4019138755980861,-0.4629629629629629,1.377049180327869,0.4019138755980861,-0.4629629629629629,1.377049180327869,0.4019138755980861,-0.4629629629629629,1.377049180327869,40.19138755980861,0.7640318056897052,2.014756709696571,0.4013421795048958,21.883154927186087,2.0,2.0,-0.07586206896551728,135.0,-0.007407407407407418,2022-11-18,143.0,29849800.0,0.6256950541410594,0.005012531328320913,0.012690355329949332,0.5932104184957565,0.31208053691275167,0,0,0,0,0.8268765,0.9990574530690174,2022-11
2022-11-14,135.0,136.0,116.0,119.0,10002800.0,4594,-0.17931034482758623,-0.1678321678321678,-0.31999999999999995,-0.3160919540229885,0.9193548387096775,0.9193548387096775,0.5866666666666667,-0.2525125628140703,0.23309758228954267,-0.09505703422053235,0.4362244007954506,0.22051282051282062,0.8674221533103704,0.44768856447688554,1.6910918775079269,61.17647058823529,0.22328931572629052,-0.8,0.15,0.05,0.16806722689075632,-0.06896551724137934,0.27053140096618356,-0.5592592592592592,0.8888888888888888,0.27751196172248804,-0.5592592592592592,0.9508196721311475,0.27751196172248804,-0.5592592592592592,0.9508196721311475,0.27751196172248804,-0.5592592592592592,0.9508196721311475,27.751196172248804,0.6135409949262245,1.9421427534266644,-0.056267641653120856,20.897499105717266,2.0,3.0,0.10924369747899165,122.0,0.08196721311475419,2022-11-21,145.0,21997100.0,0.33977172958735735,-0.004267425320056861,0.0031347962382444194,0.5118525021949079,0.9204724409448819,0,0,0,0,0.8803355,0.9999637481949623,2022-11
2022-11-15,122.0,128.0,114.0,126.0,7260200.0,4594,0.05882352941176472,-0.13103448275862073,-0.11888111888111885,-0.4112149532710281,1.0,0.96875,0.6799999999999999,-0.11016949152542366,0.3625749101078706,-0.08563134978229325,0.30698078759121433,0.2524850894632207,0.610852856668083,0.509433962264151,1.1915626232201422,62.06896551724138,0.21768707482993196,0.2857142857142857,0.5714285714285714,0.14285714285714285,0.1111111111111111,0.025210084033613356,0.30434782608695654,-0.5333333333333333,1.0,0.31100478468899523,-0.5333333333333333,1.0655737704918034,0.31100478468899523,-0.5333333333333333,1.0655737704918034,0.31100478468899523,-0.5333333333333333,1.0655737704918034,30.76923076923077,0.6348946503536892,1.871720552306658,-0.1708796982238878,20.63419984267553,1.0,3.0,0.05555555555555558,122.0,0.0901639344262295,2022-11-22,119.0,10002800.0,0.532026908452764,0.001494768310911887,0.0,0.5162328166130448,0.9366883116883117,0,0,0,0,0.86208236,0.9997462373647354,2022-11
2022-11-21,132.0,142.0,126.0,132.0,5228000.0,4594,-0.014925373134328401,0.13793103448275867,0.1282051282051282,0.10924369747899165,-0.24137931034482762,1.0952380952380953,0.9411764705882353,0.05600000000000005,0.6455659939345445,-0.07107670654468679,0.20497612075242075,0.17125110913930786,0.38681413647332497,0.4860681114551084,0.760046943220728,62.02090592334495,0.2408008658008658,0.0,0.375,0.625,0.12121212121212122,-0.014925373134328401,0.1320754716981132,-0.5111111111111111,0.18918918918918926,0.3397129186602871,-0.5111111111111111,1.1639344262295084,0.3397129186602871,-0.5111111111111111,1.1639344262295084,0.3397129186602871,-0.5111111111111111,1.1639344262295084,33.333333333333336,0.6096786376560464,1.5613898275829574,-0.3095468154562915,20.352341277761695,2.0,3.0,-0.015151515151515138,131.0,-0.007633587786259555,2022-11-29,134.0,21540000.0,0.5797016671541386,0.00273972602739736,0.011928429423459175,0.6341035390465048,0.23708721422523285,0,0,0,0,0.84746486,0.9994864327619646,2022-11
2022-11-22,131.0,137.0,126.0,133.0,2535100.0,4594,0.007575757575757569,-0.007462686567164201,0.14655172413793105,0.05555555555555558,-0.37850467289719625,1.1451612903225805,0.9275362318840579,0.05221518987341778,0.3543958732333329,-0.007462686567164201,0.18656010714824503,0.1440860215053763,0.1859982244656889,0.47083218136577276,0.3654970022498445,62.02090592334495,0.24436090225563908,0.18181818181818182,0.45454545454545453,0.36363636363636365,0.08270676691729323,-0.007575757575757569,0.21359223300970873,-0.37850467289719625,0.19819819819819817,0.3444976076555024,-0.5074074074074074,1.180327868852459,0.3444976076555024,-0.5074074074074074,1.180327868852459,0.3444976076555024,-0.5074074074074074,1.180327868852459,24.725274725274726,0.5982973772929658,1.4658175576337293,-0.415199372137427,19.636092773148768,1.0,3.0,0.0,133.0,0.0,2022-11-30,132.0,5228000.0,0.6432748538011696,0.005527638190954809,0.016528925619834656,0.7093567251461989,0.5572160546541418,0,0,0,0,0.8462085,0.9994441389894205,2022-11
2022-12-01,238.0,242.5,213.1999969482422,230.0,4916000.0,7273,-0.10852713178294571,-0.2987804878048781,0.3403262926532491,1.0609319278201843,1.1636876142704558,1.1718602142210037,1.233009708737864,0.01842010942978556,0.7826779175290559,0.3738725235138567,1.5634640460515854,0.6527737828521851,3.1133628879037367,0.8755606248685013,6.146344512862188,67.64004798334483,0.11444099615819707,-0.27303751422374173,0.5733788840254035,0.15358360175085473,0.12739131761633832,-0.07751937984496127,0.5492708854419623,-0.30722891566265065,1.17596978846294,0.552238811968651,-0.30722891566265065,1.2072937306729927,0.5565217391304348,-0.30722891566265065,1.2549019607843137,0.5603448275862069,-0.30722891566265065,1.2999999999999998,55.184533970197826,0.8791536841436677,1.721660134534888,0.8385988025180806,20.84608505947568,2.0,2.0,-0.20434782608695656,224.8000030517578,-0.1859430715493976,2022-12-08,258.0,13994000.0,0.3771545427987146,-0.0016339869281045694,-0.00840672672753523,0.6278118609406953,0.0026019080659150044,0,0,0,1,0.8780239,0.9999524270151123,2022-12
2022-12-02,224.8000030517578,226.1000061035156,208.0,213.1000061035156,1116000.0,7273,-0.07347823433254086,-0.1740309840949008,-0.35030485944050127,0.5049434810598132,0.9640553557927705,1.0179925112000738,1.0689320980923847,-0.11260096636539496,0.17214252660805182,0.19806602935308182,0.34280448471816927,0.4743834033529828,0.682777607831141,0.6995992688413519,1.348436792025374,64.19400995652333,0.13022055255820544,-0.6464084531976872,0.2817681979966301,0.07182334880568257,0.08493667566918475,-0.02260868238366165,0.4745912846086422,-0.3581325117363988,1.0160833704457306,0.47759229044984486,-0.3581325117363988,1.04118776809301,0.4830435047978939,-0.3581325117363988,1.089215746112898,0.4875000263082569,-0.3581325117363988,1.1310000610351558,47.75922904498449,0.7789593649043383,1.700546613717951,-0.13078095428640016,19.287022993874388,3.0,3.0,-0.13327080404435931,200.0,-0.07650001525878902,2022-12-09,230.0,4916000.0,0.18404907975460122,-0.009671179883945835,-0.022321428571428603,0.45720128542214433,0.026160337552742614,0,0,0,0,0.8401806,0.9994238382941385,2022-12
2022-12-23,201.1999969482422,201.1999969482422,157.1999969482422,162.6999969482422,3918000.0,7273,-0.08492691700978205,0.10081186460643421,0.09194628824323625,-0.05899362237310979,-0.11911207560098114,0.14901122835617375,0.5554493242989436,0.025204769680165162,3.817225253312549,-0.0199976072321697,6.874890331637129,-0.14854647707273616,1.9681519063645954,0.07719807056684047,3.906281156530409,31.037644098553585,0.09438932480145187,-0.875,0.125,0.0,0.27043639105904344,0.13160851234447168,0.33962267607738694,-0.1913518915703759,0.13855845974423753,0.10470651725372791,-0.5099397682281862,0.13855845974423753,0.2571303118989529,-0.5099397682281862,0.5629202625655068,0.27025860753552666,-0.5099397682281862,0.626999969482422,32.45902139632427,0.3262360519672804,0.8548751265985566,0.4932432555263285,20.272999874523382,2.0,4.0,-0.12415486986559787,151.5,-0.05940594059405946,2022-12-30,177.8000030517578,652000.0,0.27848837209302324,-0.004901960784313708,-0.024962742175856922,0.22267441860465118,0.018081761006289308,0,0,0,0,0.83175933,0.9992599757906366,2022-12
2022-12-16,570.5,594.5,516.5,566.0,1192400.0,7352,-0.004397537379067673,0.14690982776089156,0.2508287292817679,0.4256926952141058,0.4836173001310615,0.5033200531208499,0.8866666666666667,0.13086913086913077,1.7768373368301842,0.2693429019959632,3.2338902147971362,0.3973583508208862,5.861475691884186,0.5785803932505926,10.017221825513504,93.37474120082815,0.05672640080767289,-0.057692307692307696,0.6346153846153846,0.3076923076923077,0.13780918727915195,0.0035180299032542273,0.8701594533029613,-0.04793944491169044,0.5093333333333334,0.8905950095969289,-0.04793944491169044,0.6946107784431137,0.9068627450980392,-0.04793944491169044,0.9618717504332757,0.9172714078374455,-0.04793944491169044,1.2639999999999998,88.24742268041237,1.128657413344725,0.6320745486906305,2.768009843081227,20.33007272047094,1.0,1.0,-0.08215547703180215,624.0,-0.16746794871794868,2022-12-23,568.5,1234000.0,0.21434820647419073,-0.007365356491391473,-0.0015503875968991832,0.36016331291921844,0.008525149190110827,0,0,0,1,0.8526633,0.9996722749929962,2022-12
2022-12-19,624.0,642.5,535.5,542.0,808800.0,7352,-0.04240282685512364,-0.046613896218117845,0.09827760891590676,0.28436018957345977,0.40051679586563305,0.5055555555555555,0.8310810810810811,0.03336510962821726,0.9889948642699926,0.1746857390550498,1.81361557090322,0.3087045756368467,3.382402141184343,0.4861530024677818,5.824781246624176,84.34442270058709,0.07136267791249341,-0.7663551401869159,0.06074766355140187,0.17289719626168223,0.1974169741697417,0.10247349823321561,0.6235955056179775,-0.15642023346303502,0.44340878828229036,0.6742301458670988,-0.15642023346303502,0.6227544910179641,0.7161016949152542,-0.15642023346303502,0.8786828422876949,0.7439490445859872,-0.15642023346303502,1.1680000000000001,63.45454545454545,0.9589463547280797,0.6726376023179231,1.5006395329221587,19.898572950409225,2.0,2.0,-0.10516605166051662,527.0,-0.07969639468690703,2022-12-26,566.0,1192400.0,0.33819241982507287,-0.002904539063121492,-0.0034965034965035446,0.3335276967930029,0.14811783960720132,0,0,0,0,0.84795475,0.9995824149104306,2022-12
2022-12-13,99.0,124.0,98.0,123.0,19744200.0,7836,0.268041237113402,0.016528925619834656,0.35164835164835173,0.5375000000000001,0.5769230769230769,0.6621621621621621,0.732394366197183,0.2082514734774068,1.2163330984145446,0.3681868743047829,2.291347766295108,0.49271844660194164,4.503654163739382,0.5840309079201544,8.906652291542848,71.1864406779661,0.0975609756097561,0.9230769230769231,0.038461538461538464,0.038461538461538464,0.21138211382113822,0.020618556701030855,0.8,-0.0888888888888889,0.6399999999999999,0.8095238095238095,-0.0888888888888889,0.7083333333333333,0.8125,-0.0888888888888889,0.732394366197183,0.8181818181818182,-0.0888888888888889,0.7826086956521738,80.64516129032258,1.2006835206506032,0.7031968529022055,1.856293467907404,21.610554691079777,1.0,2.0,-0.2764227642276422,118.0,-0.2457627118644068,2022-12-20,97.0,15888800.0,0.4994158878504673,0.0,0.004878048780487809,0.4252336448598131,0.003367003367003367,0,0,0,1,0.82771903,0.9991542580464418,2022-12
2022-12-23,482.0,515.0,471.0,503.0,1673100.0,7859,0.006000000000000005,0.08405172413793105,0.11283185840707954,-0.015655577299412915,-0.2103610675039247,-0.3743781094527363,0.9272030651340997,0.04183927091963535,0.7866304327384199,-0.0566391597899476,0.7304997052852185,-0.154479744494873,0.42003705544760267,-0.04345345630883335,0.30044687229795797,31.831831831831835,0.099261573416643,0.4772727272727273,0.25,0.2727272727272727,0.0874751491053678,-0.03600000000000003,0.27111111111111114,-0.24587706146926536,0.1380090497737556,0.15926892950391644,-0.39030303030303026,0.1380090497737556,0.44727891156462585,-0.39251207729468596,1.0958333333333332,0.44727891156462585,-0.39251207729468596,1.0958333333333332,23.643410852713178,0.22153438006578985,0.5547533822357321,-0.7949083102568202,20.550778922333752,0.0,2.0,0.027833001988071482,494.0,0.046558704453441235,2022-12-30,500.0,2642200.0,0.27848837209302324,-0.004901960784313708,-0.024962742175856922,0.22267441860465118,0.8718553459119497,0,0,0,0,0.83153737,0.9992494040162171,2022-12
2022-12-27,522.0,555.0,508.0,517.0,2549300.0,7859,-0.02819548872180455,0.027833001988071482,0.03400000000000003,0.14380530973451333,-0.16478190630048462,-0.18196202531645567,1.003875968992248,0.027424483306836223,1.1830576748157635,0.01035763142466295,1.081293157564344,-0.10344229602011612,0.7452971263099271,-0.04143876888847686,0.45311041289248694,27.97619047619048,0.09588284056369162,-0.10638297872340426,0.19148936170212766,0.7021276595744681,0.09090909090909091,-0.018796992481203034,0.41899441340782123,-0.16747181964573266,0.1696832579185521,0.29069767441860467,-0.26142857142857145,0.1696832579185521,0.4710884353741497,-0.3756038647342995,1.1541666666666668,0.4710884353741497,-0.3756038647342995,1.1541666666666668,31.914893617021278,0.2923249033350517,0.4980967755946408,-0.33935484152315415,20.999372244913136,1.0,1.0,-0.023210831721469982,507.0,-0.0039447731755424265,2023-01-05,532.0,2468400.0,0.6302643043857101,0.004115226337448652,-0.0005344735435596215,0.3093232645948301,0.5249441548771407,0,0,0,0,0.8258374,0.9991013991743444,2022-12
2022-12-09,482.3333435058594,560.3333129882812,480.0,534.0,8701200.0,9553,0.11327312993356475,0.14346895074946464,0.12737511217787345,0.20723433546204362,0.24089849893941362,0.8847058146862858,0.9185628041318679,0.10911105894416595,2.48752122677919,0.14297945952075453,2.6146689744699265,0.3128457332593575,3.6706025285698014,0.5239726093761348,6.8094497432134995,79.5238209938554,0.07802745886446003,0.6431535632257266,0.029045777138554652,0.3278006596357188,0.15043691570839185,0.005559458794174743,0.828633526692986,-0.04699580120954183,0.31311478694515005,0.9052758421617513,-0.04699580120954183,0.8913812777799577,0.910022845431972,-0.04699580120954183,0.9950187557697892,0.9159575062825633,-0.04699580120954183,1.1619433198380569,87.82743507020218,0.9544308718866168,0.6884341549255799,3.1552626840084073,22.2593673443231,1.0,1.0,0.10986270975977286,520.6666870117188,0.13828424555684982,2022-12-16,479.6666564941406,4619100.0,0.6719252118025124,0.004746835443038,0.0,0.41396435874963483,0.9892205638474295,0,0,0,0,0.82382953,0.999048540302247,2022-12
2022-12-14,503.3333435058594,582.3333129882812,490.6666564941406,566.0,7015800.0,9553,0.13049269940073183,0.13883299798792748,0.059925093632958726,0.21199143468950754,0.21026374692396188,0.876243157191599,1.031100552612763,0.09803415248560343,1.3681784143030984,0.1615816141365891,1.9666644241119484,0.28519528147377926,2.3884590833652495,0.5345684675700522,4.446895292786583,76.48903328138647,0.08362779227367018,0.6836363285285343,0.1381820554623197,0.17818161600914595,0.16195522348788097,0.005326272435220547,0.893939505032528,-0.02804804846981157,0.321400746828054,0.9426230202390513,-0.02804804846981157,0.9014558320580368,0.9465066132862217,-0.02804804846981157,1.0433212996389893,0.9512923042368533,-0.02804804846981157,1.291497975708502,91.02565069943115,0.9920831116678739,0.5795673021720541,1.9990159290363194,22.10226938481148,1.0,1.0,0.035335689045936425,566.6666870117188,0.034117609930864656,2022-12-21,500.6666564941406,2505300.0,0.590948905109489,0.002877110827302354,0.006698564593301537,0.4759124087591241,0.9382716049382716,0,0,0,0,0.83502334,0.9993445499859924,2022-12
2022-12-15,566.6666870117188,611.0,541.6666870117188,596.6666870117188,8028000.0,9553,0.05418142581575758,0.191744405728568,0.20053659358494724,0.24391945725960085,0.29898405035798903,0.864583396911621,1.0387245139545453,0.10726218871518256,1.3818459727142223,0.19095147108127497,2.038173869331424,0.3135686967340596,2.433745020644997,0.5850527469066258,4.532904209367325,76.29083829035034,0.08363925438578865,0.432692434660819,0.3605770288840159,0.20673053645516512,0.11620107925837582,0.0011778922468528297,0.9215329537235986,-0.023458777394895658,0.39299612336520484,0.9517937920474137,-0.023458777394895658,0.9022317949911409,0.957085889256643,-0.023458777394895658,1.154031361053136,0.9606227665157109,-0.023458777394895658,1.4156546032863107,92.98532841368093,1.0382517200756045,0.5825688707321078,2.09421462219477,22.289804633371677,0.0,1.0,0.054748533289442625,590.0,0.06666663218352764,2022-12-22,566.0,7015800.0,0.48219497956800933,0.0,0.010101010101010166,0.4892002335084647,0.9595278246205734,0,0,0,0,0.8394279,0.9994026947452995,2022-12
2022-12-19,600.0,665.0,576.6666870117188,605.6666870117188,8356500.0,9553,0.02193475740225459,0.015083798368356494,0.07008248588642885,0.21864524549641606,0.3370125541097544,0.6428572433735809,1.088505817281789,0.05824113496808381,1.4518550177735616,0.13997117171617313,1.743116395494368,0.26536443138185706,2.2547718111026565,0.5462514348014265,4.106378117007083,76.22150594819466,0.08624890644548935,0.06415118849295873,0.2641507739144434,0.6716980375925978,0.14584476062916124,0.012373418565596372,0.7471591666464011,-0.08922302705004703,0.4074361100570216,0.8151610187280958,-0.08922302705004703,0.7606589738712755,0.8470790902363885,-0.08922302705004703,1.186522335782378,0.8580542751476525,-0.08922302705004703,1.4520918502498734,77.03226684443254,0.9544771063619304,0.5838895461777774,1.9169153140334203,22.34488005062793,1.0,1.0,-0.11007157639896559,592.3333129882812,-0.09003936097940923,2022-12-26,592.6666870117188,2873100.0,0.33819241982507287,-0.002904539063121492,-0.0034965034965035446,0.3335276967930029,0.11620294599018004,0,0,0,0,0.84202296,0.9994396959557676,2022-12
2022-12-20,592.3333129882812,640.0,565.0,604.0,7007700.0,9553,-0.002751822161363937,0.019122574689366845,0.01229046827636493,0.20639150254071037,0.2751583665832127,0.6517776211561099,1.0875575302912441,0.018549726081841023,1.0528047450354705,0.10961419868640832,1.3226692336004078,0.23122918562558503,1.757220824259111,0.5116376083701408,3.1732059106207102,73.8623130152846,0.0880242729367461,0.15555582682291666,0.36444417317708333,0.48,0.12417218543046357,-0.02201437574389742,0.7072000142968743,-0.09172932330827066,0.3226277666886104,0.8099688473520249,-0.09172932330827066,0.7558139534883721,0.8427835051546392,-0.09172932330827066,1.1805054151624548,0.854066985645933,-0.09172932330827066,1.4453441295546559,74.2253510048171,0.9056519142474685,0.5700187217273264,1.224835632410471,22.16609430063396,2.0,2.0,-0.03697568375543259,633.3333129882812,-0.08157888574150918,2022-12-27,605.6666870117188,8356500.0,0.10434275721364034,-0.01686254911422075,-0.020925367325094868,0.19061498105508598,0.0189873417721519,0,0,0,0,0.8560476,0.9996934185418351,2022-12
2022-12-06,398.0,413.0,363.0,370.0,16691800.0,1514,-0.07268170426065168,0.10119047619047628,0.4453125,0.46825396825396814,0.8407960199004976,0.8226600985221675,0.9576719576719577,0.1455108359133126,1.3580395570778856,0.3415518491660623,2.1981231711717406,0.5481171548117154,3.9294008251087296,0.6424370214182664,5.241691605719077,84.45378151260505,0.06969111969111969,-0.56,0.14,0.3,0.13513513513513514,-0.0025062656641604564,0.7981220657276995,-0.10411622276029053,0.8500000000000001,0.8027522935779816,-0.10411622276029053,0.8974358974358974,0.8114035087719298,-0.10411622276029053,1.0,0.8138528138528138,-0.10411622276029053,1.0329670329670328,80.0,1.0612618212580305,0.9765801521706,1.6616985486304223,22.543931144634303,1.0,1.0,0.06216216216216219,402.0,-0.02238805970149249,2022-12-13,399.0,33037500.0,0.36488460414840784,-0.002024291497975672,-0.02129870129870126,0.3602103418054338,0.10393964794635373,0,0,0,0,0.8736573,0.9999154258046442,2022-12
2022-12-07,402.0,434.0,388.0,419.0,30079000.0,1514,0.1324324324324324,0.05012531328320802,0.24702380952380953,0.6496062992125984,1.0439024390243903,1.0950000000000002,1.2406417112299466,0.1769662921348314,1.7250100361300682,0.40982503364737566,2.864257487025663,0.6763352670534108,5.284146506427092,0.8132640917451044,7.7982751446345535,87.71929824561403,0.07159904534606205,0.3695652173913043,0.30434782608695654,0.32608695652173914,0.10978520286396182,0.08648648648648649,0.933920704845815,-0.03456221198156684,1.0241545893719808,0.9372384937238494,-0.03456221198156684,1.1487179487179486,0.9397590361445783,-0.03456221198156684,1.2648648648648648,0.9404761904761905,-0.03456221198156684,1.302197802197802,93.64406779661017,1.108181826710617,1.1120609616229493,2.6162020545967257,23.25720873181393,1.0,1.0,-0.009546539379474916,406.0,0.022167487684729092,2022-12-14,370.0,16691800.0,0.5103710195734735,0.0007788161993769194,-0.014727540500736325,0.3894244814490213,0.7304385210662081,0,0,0,0,0.8341979,0.9993234064371534,2022-12
2022-12-08,406.0,428.0,390.0,394.0,19548900.0,1514,-0.059665871121718395,0.06486486486486487,-0.01253132832080206,0.5390625,0.7511111111111111,0.9798994974874371,1.06282722513089,0.027111574556829998,0.9405391829983286,0.25437758675581024,1.6286040619920739,0.5171351559491721,2.9544341675734493,0.6684310819394452,4.565729179804094,81.16883116883116,0.08230601885424221,-0.3157894736842105,0.10526315789473684,0.5789473684210527,0.09644670050761421,-0.031026252983293534,0.8130841121495327,-0.09216589861751157,0.790909090909091,0.8326359832635983,-0.09216589861751157,1.0205128205128204,0.8360655737704918,-0.09216589861751157,1.0736842105263156,0.8412698412698413,-0.09216589861751157,1.1648351648351647,83.05084745762711,0.9470111336571873,1.1568731000462356,1.329882375371083,22.76478048625577,2.0,2.0,0.1548223350253808,390.0,0.16666666666666674,2022-12-15,419.0,30079000.0,0.33625474729769206,-0.002002002002001957,-0.014684287812041119,0.3569967864446392,0.9876651982378855,0,0,0,0,0.8363209,0.9993656935348314,2022-12
2022-12-02,122.9000015258789,135.39999389648438,118.0,127.8000030517578,22410000.0,2334,0.05358614869305889,0.05271829856208532,0.13097347833413986,0.5397590729127446,0.5434782408385992,0.5700245780846489,0.6095717959161984,0.09888221302662603,1.0838758355178517,0.2794073669078525,2.165321996231702,0.38619233599663016,4.296931174321953,0.48470857706164283,8.564631245043616,85.68994740917087,0.09713838525685126,0.28160938187851464,0.2816093818785154,0.43678123624296994,0.13615018373229257,0.013190424021987779,0.43619050525483616,-0.31657752378739146,0.5585366225824122,0.4446529287463923,-0.31657752378739146,0.589552246595691,0.4598540349229969,-0.31657752378739146,0.6511627975747198,0.47095624538886954,-0.31657752378739146,0.7017311005112301,44.1509462752432,1.0973987021735132,0.6464566035907813,1.3514209100689534,21.775484411948874,1.0,1.0,-0.19405322738305442,121.8000030517578,-0.15435141691883958,2022-12-09,121.3000030517578,35749000.0,0.18404907975460122,-0.009671179883945835,-0.022321428571428603,0.45720128542214433,0.002531645569620253,0,0,0,1,0.83839715,0.9993868370836703,2022-12
2022-12-07,230.0,257.0,165.0,170.0,15583800.0,3779,-0.15841584158415845,0.11842105263157898,0.6666666666666667,0.6831683168316831,0.6666666666666667,0.6666666666666667,0.6666666666666667,0.16758241758241765,2.951231336782541,0.37429264349232017,5.884809715498426,0.5070921985815604,11.721329046087888,0.5843429636533086,23.26174651923888,74.64788732394366,0.08739495798319329,-0.6521739130434783,0.05434782608695652,0.29347826086956524,0.5411764705882353,0.13861386138613851,0.4423076923076923,-0.33852140077821014,0.6831683168316831,0.445859872611465,-0.33852140077821014,0.7,0.445859872611465,-0.33852140077821014,0.7,0.445859872611465,-0.33852140077821014,0.7,44.5859872611465,1.0256216339078834,0.9647475786174158,3.626415781515562,21.697540908534265,1.0,1.0,-0.24705882352941178,163.0,-0.21472392638036808,2022-12-14,202.0,10047000.0,0.5103710195734735,0.0007788161993769194,-0.014727540500736325,0.3894244814490213,0.0008598452278589854,0,0,0,1,0.8424502,0.9994555536173969,2022-12
2022-12-01,633.3333129882812,738.0,628.6666870117188,644.0,5038500.0,4422,-0.0015503875968991832,0.09276021871990414,0.31607626691862367,0.37606837606837606,0.3889288586533033,0.8505747126436782,0.8056075281334287,0.11341633263442952,1.6163959039113027,0.1936241308620157,2.0407047387606316,0.39807512477968987,3.6880881012769415,0.5921218059728035,6.400228647644453,72.88135919711826,0.1253697074612581,0.09756117984700642,0.042682562606171884,0.8597562575468217,0.16977222513708268,-0.018087886839874057,0.6827896621827798,-0.12737127371273715,0.4581132411306299,0.769041769041769,-0.12737127371273715,0.945619335347432,0.7745803357314148,-0.12737127371273715,1.0062305295950154,0.7929515418502202,-0.12737127371273715,1.267605633802817,74.66307277628033,0.9794680026729526,0.8302433583899004,1.970588578899592,21.900317703115135,1.0,2.0,-0.06832298136645965,630.6666870117188,-0.048625823502786214,2022-12-08,645.0,6803700.0,0.3771545427987146,-0.0016339869281045694,-0.00840672672753523,0.6278118609406953,0.14397224631396358,0,0,0,0,0.82471997,0.9990643979638762,2022-12
2022-12-02,630.6666870117188,663.6666870117188,563.6666870117188,617.0,1704900.0,4422,-0.04192546583850931,-0.04341085271317835,0.04694573750028086,0.1767324042098195,0.2739160090317747,0.832673322701734,0.7363976988830652,0.033616264411823193,0.5282482199624472,0.11613604705563274,0.663529796375864,0.29990520165805523,1.1771773015856577,0.5010948091492626,2.0657003952928346,69.38202513030322,0.1395770578810561,-0.1366668701171875,0.5333331298828125,0.33,0.1620745542949757,-0.02070390215571627,0.578397212543554,-0.1639566395663956,0.3680709534368072,0.7027027027027027,-0.1639566395663956,0.86404833836858,0.709832134292566,-0.1639566395663956,0.9221183800623054,0.7319054713305729,-0.1639566395663956,1.1523256577718213,66.5129160719047,0.8670797300894124,0.8170028935811983,0.1394327926002369,20.77388604080935,2.0,3.0,-0.06537003725815438,623.3333129882812,-0.07486624732575431,2022-12-09,644.0,5038500.0,0.18404907975460122,-0.009671179883945835,-0.022321428571428603,0.45720128542214433,0.027848101265822784,0,0,0,0,0.86799353,0.9998467092709176,2022-12
2022-12-28,324.0,389.0,324.0,389.0,6105800.0,6195,0.25889967637540456,0.549800796812749,0.8009259259259258,0.7681818181818181,0.7366071428571428,0.8093023255813954,0.691304347826087,0.40028797696184304,1.5324341553767462,0.5653923541247485,2.8737368745558176,0.6695278969957081,5.6079538931367825,0.7042716319824753,10.419587281407185,86.69527896995709,0.06647080426000734,1.0,0.0,0.0,0.16709511568123395,0.04854368932038833,1.0,0.0,0.8523809523809525,1.0,0.0,0.8701923076923077,1.0,0.0,0.8701923076923077,1.0,0.0,0.8701923076923077,100.0,1.4396362872078592,0.7125394220195759,2.1847131690839525,21.588329041112445,0.0,1.0,-0.03856041131105403,450.0,-0.16888888888888887,2023-01-06,309.0,6585400.0,0.3777584204413473,-0.0019762845849802257,0.003502626970227629,0.31823461091753774,0.0022156573116691287,0,0,0,1,0.8224608,0.9990326826406178,2022-12
2022-12-30,413.0,449.0,389.0,389.0,6518400.0,6195,-0.17057569296375263,0.0,0.25889967637540456,0.8009259259259258,0.8009259259259258,0.8093023255813954,0.7681818181818181,0.07636967349197565,1.1810535699402442,0.3390705679862307,2.2376470103602397,0.5296893432953205,4.389081164065341,0.630856304370611,8.349510210486203,72.09302325581395,0.09346309217774512,-0.4,0.0,0.6,0.15424164524421594,-0.11940298507462688,0.6911196911196911,-0.17057569296375263,0.8523809523809525,0.6934865900383141,-0.17057569296375263,0.8701923076923077,0.6934865900383141,-0.17057569296375263,0.8701923076923077,0.6934865900383141,-0.17057569296375263,0.8701923076923077,69.11196911196912,0.9651309646133971,1.1387961318283382,1.9759350132404192,21.653718849027445,1.0,1.0,-0.13367609254498714,397.0,-0.1511335012594458,2023-01-11,469.0,1489800.0,0.5547169811320755,0.0019311330722854292,0.007792260362694314,0.379100145137881,0.0016155088852988692,0,0,0,1,0.8476155,0.9995771290232209,2022-12
