symbol,timestamp,date,close,ret5,lane
157A,2026-03-05 09:00:00,2026-03-05,1146.0,0.18150087260034908,Monster
166A,2026-05-12 13:00:00,2026-05-12,815.0,0.06134969325153383,Stable
1844,2026-07-08 09:00:00,2026-07-08,503.0,0.011928429423459175,Stable
1852,2026-07-29 09:00:00,2026-07-29,865.0,0.0046242774566473965,Stable
1914,2026-04-17 09:00:00,2026-04-17,721.0,0.012482662968099856,Stable
198A,2026-06-17 09:00:00,2026-06-17,173.0,-0.21387283236994215,Monster
1994,2026-05-15 13:00:00,2026-05-15,576.0,0.01736111111111116,Stable
2181,2026-05-21 09:00:00,2026-05-21,240.2,-0.007493755203996644,Stable
2198,2026-04-07 13:00:00,2026-04-07,813.0,-0.002460024600245969,Stable
2286,2026-03-23 13:00:00,2026-03-23,957.0,-0.02925809822361547,Stable
2307,2026-04-22 09:00:00,2026-04-22,984.0,-0.03455284552845528,Stable
2315,2026-07-17 13:00:00,2026-07-17,61.0,-0.016393442622950838,Stable
2321,2026-03-13 13:00:00,2026-03-13,417.0,-0.4316546762589928,Monster
2321,2026-07-07 13:00:00,2026-07-07,143.0,-0.006993006993006978,Stable
2323,2026-05-27 09:00:00,2026-05-27,388.0,-0.04381443298969068,Stable
2334,2026-04-10 09:00:00,2026-04-10,401.0,0.07730673316708225,Stable
2338,2026-03-05 09:00:00,2026-03-05,127.0,0.25196850393700787,Monster
2338,2026-03-10 09:00:00,2026-03-10,133.0,0.3984962406015038,Monster
2345,2026-07-21 13:00:00,2026-07-21,107.0,-0.13084112149532712,Monster
2351,2026-03-31 13:00:00,2026-03-31,378.0,0.02645502645502651,Stable
2354,2026-04-07 13:00:00,2026-04-07,840.0,0.03809523809523818,Stable
2428,2026-06-29 13:00:00,2026-06-29,614.0,0.019543973941368087,Stable
2435,2026-07-16 13:00:00,2026-07-16,210.0,-0.00952380952380949,Stable
2485,2026-06-19 09:00:00,2026-06-19,467.0,0.012847965738758127,Stable
2492,2026-07-02 13:00:00,2026-07-02,400.0,0.24249999999999994,Monster
2652,2026-05-20 13:00:00,2026-05-20,347.0,0.023054755043227626,Stable
2693,2026-07-09 13:00:00,2026-07-09,365.0,0.049315068493150704,Stable
281A,2026-03-26 13:00:00,2026-03-26,480.0,-0.08958333333333335,Stable
287A,2026-05-20 09:00:00,2026-05-20,983.0,0.047812817904374416,Stable
2884,2026-03-05 13:00:00,2026-03-05,1002.0,-0.038922155688622784,Monster
2901,2026-05-14 09:00:00,2026-05-14,212.0,-0.07547169811320753,Monster
2931,2026-08-13 09:00:00,2026-08-13,351.0,0.019943019943019946,Stable
2982,2026-07-17 13:00:00,2026-07-17,406.0,0.029556650246305383,Stable
2998,2026-07-09 09:00:00,2026-07-09,527.0,0.005692599620493288,Stable
2998,2026-08-20 13:00:00,2026-08-20,543.0,0.027624309392265234,Monster
3011,2026-04-01 09:00:00,2026-04-01,174.0,-0.02298850574712641,Stable
3121,2026-06-01 09:00:00,2026-06-01,223.0,-0.013452914798206317,Stable
3133,2026-05-22 09:00:00,2026-05-22,218.0,-0.27064220183486243,Monster
3154,2026-06-11 09:00:00,2026-06-11,854.0,0.01990632318501162,Stable
3231,2026-07-09 09:00:00,2026-07-09,939.9,0.013831258644536604,Stable
3358,2026-03-04 09:00:00,2026-03-04,113.0,0.008849557522123908,Stable
336A,2026-07-07 13:00:00,2026-07-07,870.0,-0.010344827586206917,Stable
3422,2026-05-20 09:00:00,2026-05-20,449.0,0.069042316258352,Stable
3625,2026-08-10 09:00:00,2026-08-10,626.0,0.012779552715654896,Stable
3647,2026-06-18 13:00:00,2026-06-18,116.0,0.0,Stable
3647,2026-07-10 09:00:00,2026-07-10,125.0,-0.09599999999999997,Stable
3668,2026-07-31 09:00:00,2026-07-31,391.0,0.038363171355498826,Stable
3697,2026-07-08 13:00:00,2026-07-08,678.9,0.033878332596847915,Stable
3726,2026-05-12 13:00:00,2026-05-12,445.0,-0.09438202247191008,Monster
3787,2026-08-13 13:00:00,2026-08-13,279.0,0.13261648745519716,Stable
3840,2026-03-10 09:00:00,2026-03-10,78.0,0.02564102564102555,Monster
3858,2026-05-27 09:00:00,2026-05-27,361.0,0.04155124653739617,Stable
3865,2026-07-24 09:00:00,2026-07-24,924.0,-0.007575757575757569,Stable
3923,2026-07-01 09:00:00,2026-07-01,939.8,0.0869333900829965,Stable
3939,2026-04-10 09:00:00,2026-04-10,523.0,0.08604206500956013,Stable
3968,2026-07-17 09:00:00,2026-07-17,600.0,-0.00666666666666671,Stable
3989,2026-06-29 13:00:00,2026-06-29,1145.0,0.24017467248908297,Monster
3996,2026-05-08 09:00:00,2026-05-08,231.0,-0.09523809523809523,Monster
402A,2026-05-20 13:00:00,2026-05-20,699.0,0.32188841201716745,Stable
4052,2026-07-29 13:00:00,2026-07-29,281.0,0.35231316725978656,Stable
4052,2026-07-31 09:00:00,2026-07-31,342.0,0.5584795321637428,Monster
4053,2026-05-20 13:00:00,2026-05-20,449.0,0.0,Stable
4179,2026-06-11 09:00:00,2026-06-11,420.0,0.33333333333333326,Monster
4179,2026-08-20 13:00:00,2026-08-20,359.0,0.01949860724233976,Monster
4188,2026-04-14 13:00:00,2026-04-14,968.1,0.0012395413696930646,Stable
4192,2026-04-02 13:00:00,2026-04-02,262.0,0.09541984732824438,Stable
4237,2026-03-17 13:00:00,2026-03-17,425.0,-0.040000000000000036,Stable
4240,2026-04-23 09:00:00,2026-04-23,407.0,0.017199017199017286,Stable
4245,2026-07-09 09:00:00,2026-07-09,672.0,0.0044642857142858094,Stable
4259,2026-05-13 09:00:00,2026-05-13,889.0,0.22609673790776164,Monster
4265,2026-06-25 09:00:00,2026-06-25,290.0,0.3620689655172413,Stable
4265,2026-07-08 13:00:00,2026-07-08,399.0,-0.09774436090225569,Monster
4290,2026-06-12 09:00:00,2026-06-12,663.0,-0.03167420814479638,Stable
4318,2026-03-04 09:00:00,2026-03-04,907.0,0.024255788313120252,Stable
4346,2026-08-24 09:00:00,2026-08-24,859.0,0.17694994179278223,Stable
4376,2026-06-03 13:00:00,2026-06-03,163.0,0.06748466257668717,Stable
4422,2026-03-16 09:00:00,2026-03-16,488.0,0.069672131147541,Monster
4422,2026-04-03 09:00:00,2026-04-03,539.0,0.6697588126159555,Monster
4424,2026-07-28 13:00:00,2026-07-28,360.0,0.11944444444444446,Stable
4427,2026-03-31 13:00:00,2026-03-31,274.0,-0.1897810218978102,Monster
4492,2026-07-21 13:00:00,2026-07-21,419.0,-0.0023866348448687846,Monster
4512,2026-03-30 09:00:00,2026-03-30,352.0,-0.019886363636363646,Stable
4572,2026-03-23 09:00:00,2026-03-23,344.0,0.125,Stable
4579,2026-04-21 09:00:00,2026-04-21,851.0,-0.07050528789659227,Stable
4586,2026-07-17 09:00:00,2026-07-17,60.0,0.1166666666666667,Stable
4591,2026-07-10 09:00:00,2026-07-10,74.0,-0.013513513513513487,Stable
4594,2026-03-24 09:00:00,2026-03-24,77.0,-0.10389610389610393,Monster
4596,2026-07-08 13:00:00,2026-07-08,70.0,0.04285714285714293,Stable
4597,2026-03-03 09:00:00,2026-03-03,33.0,0.0,Stable
4597,2026-08-19 09:00:00,2026-08-19,32.0,-0.09375,Stable
4599,2026-04-10 09:00:00,2026-04-10,304.0,0.023026315789473673,Stable
4651,2026-04-21 09:00:00,2026-04-21,282.0,-0.14893617021276595,Monster
4714,2026-07-13 09:00:00,2026-07-13,202.0,-0.014851485148514865,Stable
4736,2026-05-28 09:00:00,2026-05-28,573.0,0.034904013961605695,Stable
4767,2026-07-31 09:00:00,2026-07-31,337.0,0.09792284866468837,Stable
4814,2026-03-13 09:00:00,2026-03-13,206.0,-0.11650485436893199,Stable
4814,2026-04-23 13:00:00,2026-04-23,188.0,-0.03191489361702127,Stable
4840,2026-08-10 13:00:00,2026-08-10,570.0,-0.05087719298245619,Monster
4881,2026-03-05 13:00:00,2026-03-05,112.0,-0.1071428571428571,Monster
4890,2026-07-24 13:00:00,2026-07-24,244.0,0.012295081967213184,Stable
4891,2026-03-02 13:00:00,2026-03-02,148.0,0.0,Stable
4891,2026-03-12 09:00:00,2026-03-12,148.0,-0.04054054054054057,Stable
4935,2026-06-29 09:00:00,2026-06-29,236.0,0.4194915254237288,Monster
5031,2026-06-02 09:00:00,2026-06-02,480.0,0.0,Stable
5031,2026-06-03 09:00:00,2026-06-03,547.0,-0.14259597806215718,Monster
504A,2026-08-10 13:00:00,2026-08-10,572.0,0.034965034965035,Monster
5133,2026-05-14 13:00:00,2026-05-14,342.0,-0.06725146198830412,Stable
5139,2026-08-13 09:00:00,2026-08-13,931.0,0.027926960257787403,Stable
5216,2026-07-22 09:00:00,2026-07-22,160.0,0.006250000000000089,Stable
5341,2026-04-06 09:00:00,2026-04-06,286.0,0.03846153846153855,Monster
5363,2026-03-03 09:00:00,2026-03-03,617.0,-0.01944894651539708,Stable
547A,2026-04-08 13:00:00,2026-04-08,443.0,-0.033860045146726914,Monster
547A,2026-07-24 09:00:00,2026-07-24,452.0,-0.008849557522123908,Stable
5578,2026-07-08 09:00:00,2026-07-08,928.0,-0.09482758620689657,Stable
5591,2026-08-18 13:00:00,2026-08-18,816.0,0.05392156862745101,Stable
5820,2026-06-26 13:00:00,2026-06-26,754.0,-0.03183023872679047,Stable
6031,2026-06-11 13:00:00,2026-06-11,277.0,0.028880866425992746,Stable
6072,2026-08-10 13:00:00,2026-08-10,1074.0,0.06331471135940414,Monster
6085,2026-03-09 09:00:00,2026-03-09,209.3,1.2360248447204967,Monster
6176,2026-05-11 13:00:00,2026-05-11,906.0,0.06732891832229582,Stable
6191,2026-05-11 13:00:00,2026-05-11,708.0,0.08615819209039555,Stable
6194,2026-06-18 13:00:00,2026-06-18,700.0,-0.011428571428571455,Stable
6228,2026-04-15 13:00:00,2026-04-15,638.0,-0.025078369905956133,Stable
6228,2026-06-12 09:00:00,2026-06-12,783.0,-0.2822477650063857,Monster
6228,2026-08-05 13:00:00,2026-08-05,533.0,-0.06191369606003749,Stable
6306,2026-05-20 13:00:00,2026-05-20,823.0,0.04252733900364514,Stable
6482,2026-08-19 13:00:00,2026-08-19,715.0,0.027972027972027913,Stable
6551,2026-08-19 09:00:00,2026-08-19,605.0,0.01983471074380172,Stable
6619,2026-03-12 13:00:00,2026-03-12,176.0,0.06818181818181812,Stable
6620,2026-05-26 09:00:00,2026-05-26,661.0,-0.030257186081694365,Stable
6620,2026-07-03 13:00:00,2026-07-03,829.0,-0.10012062726176119,Monster
6620,2026-08-19 09:00:00,2026-08-19,701.0,0.007132667617689048,Stable
6630,2026-05-25 09:00:00,2026-05-25,718.0,-0.0027855153203342198,Stable
6630,2026-06-16 09:00:00,2026-06-16,716.0,0.0041899441340782495,Stable
6634,2026-06-16 09:00:00,2026-06-16,74.0,0.06756756756756754,Monster
6659,2026-05-22 09:00:00,2026-05-22,70.0,0.11428571428571432,Monster
6663,2026-08-31 09:00:00,2026-08-31,313.0,0.006389776357827559,Stable
6666,2026-03-05 09:00:00,2026-03-05,643.0,0.38724727838258155,Monster
6699,2026-07-08 09:00:00,2026-07-08,478.0,0.023012552301255207,Stable
6740,2026-04-14 13:00:00,2026-04-14,91.0,0.27472527472527464,Monster
6740,2026-06-17 13:00:00,2026-06-17,51.0,0.17647058823529416,Monster
6740,2026-06-24 13:00:00,2026-06-24,60.0,-0.09999999999999998,Monster
6742,2026-04-23 09:00:00,2026-04-23,686.0,0.04664723032069973,Stable
6769,2026-04-15 13:00:00,2026-04-15,952.0,0.17752100840336138,Stable
6775,2026-05-27 13:00:00,2026-05-27,135.0,-0.029629629629629672,Stable
6836,2026-05-27 13:00:00,2026-05-27,880.0,-0.015909090909090873,Stable
6840,2026-05-11 09:00:00,2026-05-11,552.0,0.6086956521739131,Stable
6840,2026-05-18 09:00:00,2026-05-18,888.0,0.5822072072072073,Monster
6840,2026-05-21 09:00:00,2026-05-21,916.0,0.24235807860262004,Monster
6907,2026-08-28 13:00:00,2026-08-28,804.0,-0.02238805970149249,Monster
6927,2026-08-19 09:00:00,2026-08-19,949.0,0.04741833508956805,Stable
6966,2026-08-07 09:00:00,2026-08-07,943.0,0.036055143160127257,Stable
7031,2026-04-30 09:00:00,2026-04-30,681.0,-0.09251101321585908,Stable
7071,2026-07-08 09:00:00,2026-07-08,354.0,0.09039548022598876,Stable
7078,2026-08-24 09:00:00,2026-08-24,347.0,0.04034582132564846,Stable
7082,2026-05-18 09:00:00,2026-05-18,1030.0,0.37475728155339816,Monster
7162,2026-03-26 13:00:00,2026-03-26,224.0,0.013392857142857206,Stable
7162,2026-05-01 09:00:00,2026-05-01,298.0,0.27181208053691286,Monster
7162,2026-07-21 13:00:00,2026-07-21,276.0,-0.036231884057971064,Monster
7241,2026-07-08 13:00:00,2026-07-08,976.0,0.012295081967213184,Stable
7241,2026-07-17 13:00:00,2026-07-17,981.0,0.03771661569826712,Stable
7256,2026-08-07 09:00:00,2026-08-07,433.0,0.06928406466512693,Stable
7371,2026-03-04 09:00:00,2026-03-04,706.0,0.018413597733710985,Stable
7383,2026-07-09 09:00:00,2026-07-09,367.0,0.09809264305177101,Stable
7709,2026-08-26 09:00:00,2026-08-26,60.0,0.1333333333333333,Monster
7719,2026-03-06 09:00:00,2026-03-06,786.0,-0.01781170483460559,Monster
7722,2026-07-28 13:00:00,2026-07-28,798.0,-0.007518796992481258,Stable
7774,2026-05-28 13:00:00,2026-05-28,627.0,-0.06060606060606055,Stable
7779,2026-05-26 09:00:00,2026-05-26,293.0,-0.010238907849829393,Stable
7779,2026-06-09 13:00:00,2026-06-09,303.0,-0.17161716171617158,Stable
7803,2026-07-10 09:00:00,2026-07-10,348.0,0.19252873563218387,Monster
7844,2026-08-05 13:00:00,2026-08-05,467.0,0.032119914346895095,Stable
7871,2026-04-14 09:00:00,2026-04-14,895.0,0.17653631284916194,Stable
7875,2026-04-10 09:00:00,2026-04-10,679.0,0.0397643593519883,Stable
7908,2026-03-05 13:00:00,2026-03-05,291.0,-0.04123711340206182,Monster
7918,2026-03-04 09:00:00,2026-03-04,111.0,0.10810810810810811,Stable
7971,2026-08-03 09:00:00,2026-08-03,661.0,0.03177004538577921,Stable
8105,2026-05-28 13:00:00,2026-05-28,151.0,0.8278145695364238,Monster
8217,2026-07-10 13:00:00,2026-07-10,783.0,0.015325670498084198,Stable
8254,2026-06-09 13:00:00,2026-06-09,279.0,-0.13978494623655913,Stable
8338,2026-04-10 13:00:00,2026-04-10,609.0,0.014778325123152802,Stable
8338,2026-08-19 13:00:00,2026-08-19,712.0,0.012640449438202195,Stable
8346,2026-04-01 13:00:00,2026-04-01,689.0,0.030478955007256836,Monster
8346,2026-06-01 13:00:00,2026-06-01,731.0,0.019151846785225635,Stable
8508,2026-07-17 13:00:00,2026-07-17,841.0,-0.014268727705113005,Stable
8562,2026-08-07 13:00:00,2026-08-07,349.0,0.08595988538681953,Stable
8563,2026-07-09 09:00:00,2026-07-09,970.0,0.05463917525773199,Stable
8609,2026-05-28 13:00:00,2026-05-28,938.0,-0.0010660980810234255,Stable
8609,2026-06-19 09:00:00,2026-06-19,951.0,0.008412197686645584,Stable
8714,2026-04-01 13:00:00,2026-04-01,921.0,0.05863192182410426,Monster
8783,2026-06-01 09:00:00,2026-06-01,149.0,-0.3087248322147651,Monster
8897,2026-05-20 13:00:00,2026-05-20,413.0,0.016949152542372836,Stable
9008,2026-07-09 09:00:00,2026-07-09,751.4,0.040723981900452566,Stable
9158,2026-06-10 13:00:00,2026-06-10,817.0,0.01591187270501826,Stable
9168,2026-07-17 09:00:00,2026-07-17,402.0,-0.01243781094527363,Stable
9229,2026-07-09 13:00:00,2026-07-09,151.0,-0.026490066225165587,Stable
9237,2026-06-15 13:00:00,2026-06-15,612.0,0.303921568627451,Monster
9273,2026-03-04 09:00:00,2026-03-04,878.0,0.01252847380410027,Stable
9327,2026-07-01 09:00:00,2026-07-01,205.0,-0.039024390243902474,Stable
9348,2026-07-09 13:00:00,2026-07-09,508.0,-0.17125984251968507,Monster
9399,2026-03-17 09:00:00,2026-03-17,30.0,0.03333333333333344,Monster
9425,2026-04-27 09:00:00,2026-04-27,292.0,0.48287671232876717,Monster
9425,2026-08-21 13:00:00,2026-08-21,222.0,0.12612612612612617,Stable
9444,2026-06-23 09:00:00,2026-06-23,258.0,-0.10852713178294571,Monster
9504,2026-03-26 13:00:00,2026-03-26,996.5,0.02408429503261411,Stable
9552,2026-08-20 09:00:00,2026-08-20,1048.0,0.035305343511450316,Monster
9644,2026-05-01 09:00:00,2026-05-01,721.0,0.012482662968099856,Stable
9850,2026-07-31 09:00:00,2026-07-31,983.0,-0.011190233977619535,Stable
9876,2026-04-02 09:00:00,2026-04-02,260.0,-0.019230769230769273,Stable
9888,2026-03-03 13:00:00,2026-03-03,855.0,0.010526315789473717,Stable

